# canonical	alias1|alias2|...
# auto-generated from IndianFoodDatasetCSV.csv and IndianFoodDatasetXLS.xlsx
Aam Chunda Pickle	Gujarati Mango Chunda
Aam Ki Kheer	Mango Coconut Payasam
Aam Ki Launji Pickle	Sweet & Spicy Mango Pickle
Aam Pora Shorbot	Bengali Aam Panna
Aamras Ki Kadhi	Mango Kadhi
Aar Macher Jhol	And fish soup|Bengali style fish in tomato gravy
Aava Pettina Majjiga Pulusu	Andhra Style Mor Kuzhambu
Ach Gert Surri With Dal	Ash Gourd Curry With Dal|Poosanikai Rasavangi|Pumpkin Almond
Achari Amla Mirchi Ki Sabzi	Achari Amla Mirchi Vegetable|Gooseberry & Green Chilli Sabzi|Gooseberry & Green Chilli Vegetable
Achari Gobi Shimla Mirch Ki Sabzi	Capsicum And Cauliflower Sabzi
Achari Kaddu Ki Sabzi	Achari Pumpkin Vegetable
Achari Masala For Fresh Pickles	Sambharo Masala
Achari Paneer -Spicy Pickled Paneer Gravy	Achari Paneer|Spec Pickled Paneer Gravy
Adraki Rajma Masala	Rajma Masala
Afghani Chicken In Yoghurt Gravy	Lavand-E-Murgh
Ajwaini Tomato Okra	Ajwaini Tamatar Bhindi
Alasande Kalu Saaru (Malnad Style Black Eyed Beans Curry)	Alasande Kaalu Saaru (Malnad Style Black Eyed Beans Curry)
Allam Pachadi	Ginger Chutney
Allu Chutney	Ellu Chutney
Almond And Besan Ladoo	Badam And Besan Ladoo
Almond Elachi Kulfi	Badam Elaichi Kulfi
Almond Milk With Nuts & Spices	Badam Sharbat
Almond Nu Gosht	Badam Nu Gosht
Aloo Bhajit	Aloo Bhajia|Potato Bajji
Aloo Dal Pakoras	Aloo Dal Pakora
Aloo Gobhi Methi Tuk	Potato cabbage fenugreek
Aloo Gobi Matar Ki Sabzi	Potato Cabbage Pea Vegetable
Aloo Matar Sabzi	Potato Pea Vegetable
Aloo Paneer Kebab	Potato Paneer Kebab
Aloo Patta Gobhi Sabzi	Aloo Patta Gobi Sabzi|Potato Leaf Cabbage Vegetable
Aloo Patta Gobi Sabzi	Potato Cabbage Sabzi
Aloo Poha	Batata Poha|Potato Poha
Aloo Posto	Potato Posto
Alsanda Vada -Spicy Lobia Vada	Andhra Style Bobbarlu Vada
Alu Bukhara Murgh	Chicken With Indian Plums
Alu Vadi Or Patrode	Maharashtrian Snack With Colocasia Leaves
Amaranth Leaves in Buttermilk Stew	Thotakura Majjiga Pulusu
Amaranth Leaves Moong Sprouts Sabzi	Lal Mathachi Bhaji
Amaranth Leaves Stir Fry	Thandu Keerai Poriyal
Amarnath Suji & Oats Dhokla	Amaranth Sooji & Oats Dhokla
Amarod Wright	Amrood Raita|Guava Raita|Guava Wright
American Perugu Pachadi -Raw Mango Yogurt Pachadi	Mamidikaya Perugu Pachadi -Raw Mango Yogurt Pachadi
Amla Methi Sukhi Sabzi	Healthy Diabetic Sabzi
Ammini Kozhukattai	Ammani Kozhukkattai
Amritsari Dry Dal	Amritsari Sookhi Dal
Amritsari Murgh Makhani	Chicken Makhani
Amrood Ni Kari	Amarod Curry
Anardana Chutney	Pomegranate Chutney
Andey Ki Kheer	Egg White Kheer
Andhra Chama Dampa Pulusu	Arbi With Sesame Tamarind Sauce
Andhra Dondakaya Chutney	Tindora Chutney
Andhra Dondakaya Ulli Kura Karam	Andhra Kovakkai Fry
Andhra Fish Fry	Andhra Style Chepa Vepudu
Andhra Red Chili Chutney	Andhra Red Chilli Chutney|Fruit Chili Chutney|Pandu Mirapakaya Pachadi
Andhra Steel Ingavu Charu	Andhra Style Ingavu Chaaru|Asafoetida Flavored Tamarind Rasam|Asfoitida Flavored Tamarand Rasam
Andhra Steel Kandi Attu	Andhra Style Kandi Attu
Andhra Steel Tomato Knock (Tomato Chutney)	Andhra Style Tamati Pachadi (Tomato Chutney)
Andhra Style Alam Pachadi	Adrak Chutney
Andhra Style Amaranth Greens Stir Fry	Thotakura Vepudu
Andhra Style Bangaladumpa Vepudu	Potato Fry
Andhra Style Chama Dumpa Pulusu	Arbi With Sesame Tamarind Sauce
Andhra Style Colocasia Stir Fry	Chamadumpa Vepudu
Andhra Style Eggplant Poppy Seeds Curry	Vankaya Gasagasala Kura
Andhra Style Fenugreek Spiced Baingan	Menthi Vankaya
Andhra Style Lettuce Pulp	Andhra Style Palakura Pappu
Andhra Style Mirapakaya Bajji	Stuffed Chilli
Andhra Style Munakkada Masala Kura	Drumstick Dry Curry
Andhra Style Palakura Pappu	Dal Palak|Palak Pappu
Andhra Style Pappulo Undrallu	Andhra Style Pulses
Andhra Style Paruppu Podi	Dal Podi
Andhra Style Ragi Mudda	Ragi Sankati
Andhra Style Raw Soup -Ra Tamarind Juice	Andhra Style Pachi Pulusu -Raw Tamarind Rasam
Andhra Style Sarva Pindi	Gine Pindi
Andhra Style Spiced Rice Cracker	Pappu Chekkalu
Andhra Style Stuffed Boils (Crispy Tapioke Snack)	Andhra Style Saggubiyyam Punugulu (Crispy Tapioca Snack)
Andhra Style Stuffed Brinjal	Gutti Vankaya
Andhra Style Stuffed Ivy Gourds	Gutti Dondakaya Vepudu
Andhra Style Urlugadda Munagakaya Charu	Potato And Drumstick Gravy
Andhra Style Vankaya Kothamira Karam	Andhra Style Vankaya Kothimeera Karam
Andhra Vankaya Fry With Peanuts	Brinjal Peanut Sabzi
Andhra Vegetable Stew	Dappalam
Aoria Special Dalma (Aoria Dal & Tarkari)	Oriya Special Dalma (Oriya Dal & Tarkari)
Appe Payasa	Poori Payasam
Arab Dahi Wali Sabz rode	Arbi Dahi Wali Sabzi
Arabic Coffee	Qahwa
Arbi Ke Patte Ke Pakode	Colocasia Leaf Rolls
Arbi Masala with Arabic Masala Kasuri Methi	Arbi Masala
Arbi Shimla Mirch Sabzi	Colocasia Capsicum Sabzi
Arbi Tomato Onion Sabzi with Tomato Onion Arbi Vegetable	Arbi Tomato Onion Sabzi
Arhar Ki Dal with Lahsun Tadka	Arhar Ki Dal
Artichoke Bodi Surri	Artichoke Fry|Vendakkai Podi Curry|Vendakkai Poriyal
Ash Gourd Buttermilk Curry	Kumbalakai Majjige Huli
Asian Carrot Ginger Lentil Soup	Carrot Ginger Dal Soup
Ask Roti	Mande Roti
Assamese Fish Curry With Potatoes And Tomatoes	Aloo Bilahi Maas
Assamese Machor Tenga Anja	Fish Curry With Kokum
Assamese Saaru Maas Diya Adar Jhol	Fish In Ginger Gravy
Attukal Soup	Paya Soup
Aval Mixture	Poha Chivda
Avarakkai Poricha Kootu	Broad Beans Kootu
Avarekalu Usli	Avarekaalu Usli
Avarekalu Usli (Broad Bean In Gravy)	Avarekaalu Usli (Broad Bean In Gravy)
Awadh Style Bakarkhani Roti	Awadh Style Bakarhani Roti
Awadhi Khatti Arbi Ka Salan	Awadhi Style Khatti Arbi Ka Salan
Awadhi Moong Dal Ki Goli	Lentil Dumplings In Tomato Gravy
Awadhi Style Dal Masoor Mussallam	Awadhi Style Dal Masoor Musallam
Awadhi Style Kathal Ke Kebab	Raw Jackfruit Kebabs
Ayurvedic No Onion No Garlic	Banana Stem Thoran|Raw Papaya Mor Kootu
Baale Dindu Kadale Palya	Banana Stem Curry With Chickpeas
Baby Corn Capsicum Masala	Baby Corn and Capsicum Masala
Baby Potatoes Pulao	Aloo Pulao
Badam Burfi	Almond Burfi
Badam Milk	Almond Milk
Badam Nu Gosht	Parsi Style Mutton In Almond Gravy
Badanekaayi Gojju (Brinjal Curry)	Brinjal Curry
Badge m Badge Badge Mia Gai Badge	Badge Badge|Bell Pepper Bajji|Capsicum Bajji -Kuda Milagai Bajji
Bafad Spice Mix Powder	Mangalorean Style Bafat Pito -Bafat
Baingan Bharta	Brinjal Bharta
Baingan Methi Ka Bharta	Brinjal Methi Bharta with Pomegranate
Baingan Methi Ka Bharta with Pomegranates	Brinjal Methi Bharta With Pomagrams
Baingan Sarson Ka Saag	Brinjal Mustard Saag
Bajra Ka Kheech	Bajra Khincha
Bajra Kaddu Ki Roti	Bajra Pumpkin Roti|Millet Pumpkin Bread
Bajra Matar Ki Khichdi	Millet Pea Khichdi
Bajri Ki Roti	Bajri Roti
Bajri Methi Na Vada	Pearl Millet Flour Fritters
Baked Beans Potato Chaat	Aloo Chaat With Baked Beans
Baked Bitter Gourd Bhajji	Karela Fritters
Baked Chana Dal Vada	Baked chickpea lentil
Baked Cheese Stuffed Chilies	Poblano Chili Rellenos
Baked Gobi Manchurian	Healthy Cauliflower Manchurian
Baked Masala Namak Para	Carom Seeds Spiced Biscuits
Baked Modak and Karanji	Gujiya
Baked Pumpkin Cream Cheese French Toast	Breakfast Bread Pudding
Banana Apple Porridge	6 Months Above For Babies & Toddlers
Banana Apple Porridge (Banana Apple Porridge)	Banana Apple Porridge
Banana Flower & Pearl Millet Dosa	Vazhaipoo Bajra Adai
Banana Flower Paruppu Usili	Vazhaipoo Paruppu Usili
Banana Flower Poriyal	Sabzi|Vazhaipoo Podimas
Banana Flower Stir Fry	Maharashtrian Style Kelfulachi Bhaji
Banana Pomegranate Raita	Kela Anar Raita
Banana Stem Curry with No Onion and No Garlic	South Indian Style Vazhaithandu Poriyal
Banana Stem Lemon Rasam	Vazhaithandu Lemon Rasam
Banana Stem Pulao	Thor Chal
Banarasi Chuda Pea	Banarasi Chooda Matar|Chuda Pea|Chura Matar
Banarasi Gobhi Ki Sabzi -Cauliflower Cooked With Nigella	Banarasi Cabbage Vegetable|Chocolate Flower Cooked with Nigella
Banarasi Style Tomato Chaat	Tamatar Chaat Banarasi Style
Banarasi Tomato Chart	Banarasi Tamatar Chaat|Spicy Tomato Chaat
Bangalore Restaurant Style Sambar	For Idlis
Barnyard Millet Khichdi -Navratri Fasting	Sama Khichdi|Vrat
Barnyard Millet Mushroom Biryani	Barnyard Millet Mushroom Biriyani
Beetroot And Chickpea Kebab	Evening Snack|Tikki
Beetroot & Spinach Nimki (Namak Para)	Beetroot & Spinach Nimki (on named)
Beetroot, Carrot & Cucumber Salad with Peanuts	Beetroot, Carrot and Cucumber Salad
Beetroot Carrot Radish Salad	Beetroot Gajar Mooli Salad|Radish & Beetroot Salad
Beetroot Paneer Curry In Coconut Milk	Beet Paneer Curry
Belle dosa	lentil dosa
Bengal Gram Dal and Rice	Chana dal and rice
Bengali Aloo Jhinge Poshto Curry	Bengali Aloo Jhinge Posto Curry
Bengali Aloo Potol er Dalna	Bengali Aloo Potol and Dalna
Bengali Chicken In Poppy Seed Paste	Posto Chicken
Bengali Chirer Pulao	Bengali Style Vegetable Poha
Bengali Cholar Dal	Bengali Style Cholar Dal
Bengali Dhokar Dalna	Bengali wash
Bengali Dumpa Thalimpu	Bangaladumpa Talimpu|Bangaladumpa Thalimpu
Bengali Egg Curry With Poppy Seeds	Dim Posto
Bengali Egg Vegetable	Bengali Egg Curry
Bengali fish curry	Aar Macher Jhol|And fish soup
Bengali gram dal	Bengali Cholar Dal
Bengali Hills Fish Curry	Bengali Hilsa Fish Curry|Hilsa Oil Soup|Ilish Er Tel Jhol
Bengali Holud Mishti Pulao	Saffron Flavored Rice With Nuts
Bengali Mixed Vegetable in Mustard and Poppy Seed Gravy	Shukto
Bengali Mooli Aloo Ki Sabzi	Bengali radish potato vegetable
Bengali Potol Bhaj -Bengali Steel Parwal Sabzi	Bengali Potol Bhaja -Bengali Style Parwal Sabzi
Bengali Softa Maida Puffed Puri	Bengali Luchi
Bengali Steam Doi	Bengali Bhapa Doi
Bengali Style Baten Rice Dumpling Milk	Bengali Style Beaten Rice Dumpling Kheer|Chirer Dudh Puli
Bengali Style Cauliflower Stir Fry	Chaal Kopi
Bengali Style Chicken Rezala	Chicken Korma
Bengali Style Crab Curry	Kakrar Jhal
Bengali Style Fenugreek Leaves and Pumpkin Stir Fry	Methi Kumro
Bengali Style Hilsa Fish Pilaf	Ilish Pulao
Bengali Style Hilsa In Yogurt Gravy	Doi Ilish
Bengali style meat broth -mutton curry	Bengali Style Mangsher Jhol -Mutton Curry
Bengali Style Moong Dal Dumplings & Bottle Gourd Sabzi	Lauki Wadi Tarkari
Bengali Style Mustard Fish Curry	Shorshe Maach
Bengali Style Pomfret Shorshe	Pomfret In Mustard Gravy
Bengali Style Raw Jackfruit Curry	Enchor'er Dalana
Bengali Style Raw Jackfruit in Semi-gravy	Enchorer Torkari
Bengali Style Red Lentils With Fresh Green Peas	Phalguni Dal
Bengali Style Sooji Ka Halwa	Mohan Bhog
Bengali Style Yogurt Fish Curry	Doi Bhetki
Bengaluru Style Brinjal Gravy	For Biryani
Besan Aur Mirch Ki Sabzi	Gram flour and Chilli vegetable
Besan Barfi	Besan Burfi
Besan Bread Toast On Tawa	Vegetarian French Toast
Besan Chila Stuffed with Chatap Paneer	Besan Cheela Stuffed With Chatapa Paneer
Besan Ka Pitta	Rajasthani Ghasela
Besan Ke Laddu	Besan Laddu
Besan Muthia Cooked With Methi Leaves	Menthi Aaku Badeela Koora
Betel Leaves Rice	Kongunadu Style Vetrilai Saadam|Kongunadu Style Vetrilai Sadam
Bhaat Na Rasawala Muthia Dhokla	Gujarati Rasiya Dhokla
Bhagara Peetha	Baghara Pitha
Bharma Baingan Ki Sabzi	Spicy Stuffed Brinjals
Bharwa Baingan Aur Pyaaz Ki Sabzi	Bharma Baingan Aur Pyaaz Ki Sabzi|Roz Ka Khana With Figaro Olive Oil
Bharwa Karela	Filling
Bharwa Pyaz Ki Sabzi	Stuffed Onion Vegetable
Bhoplya Cha Bharit	Maharashtrian Pumpkin Sabzi
Bhugi Dal Paratha	Moong Dal Paratha
Bhune Pyaz Ka Gosht	Mutton Curry with Roasted Onion & Spices|Roasted Onion Gosht
Bhutte Ka Kees	Corn cake
Bihari Bitter Gourd Potato Vegetable	Bihari Karela Aloo Sabzi
Bihari Chana Daal Puri	Bihari Chana Dal Puri
Bihari Kale Chane Ki Ghugni	Bihari kale gram roti
Bihari Karela and Aloo Ki Subzi	Bihari Karela and Potato Vegetable
Biryani Chamanthi	Biryani Chammanthi
Bisi Bele Bath	A Spicy Mixed Vegetable Sambar Rice
Bitter Gourd And Cashew Nuts Stir Fry	Kaju Karela
Bitter Gourd & Potato Stir Fry	Manipuri Style Karotkhabi Kanghou
Bitter Gourd Indian Flat Bread	Karela Thepla
Bitter Gourd Juice	Karela Juice
Bitter Gourd Pachadi	Pavakka Pachadi
Bitter Gourd Pickle	Karathe Nonche
Bitter gourd poriel	Pavakkai Poriyal
Bitter gourd spice vegetable	Karela Masala Sabzi
Bitter Gourd Steamed Dumplings	Karela Muthia
Bitter Gourd Stir Fry	Andhra Style Kakarakaya Vepudu
Biuli Dal Er Boda	Bengali Style Urad Dal Vada
Black Chickpea Pakora	Healthy Kala Chana Pakora
Black Eyed Beans Sambar	Tattha Poyaru Sambar|Thatta Payaru Sambar
Black Eyed Peas In Coconut Curry	Mangalorean Style Lobia Gassi
Black Plum Smoothie	Healthy & Delicious Jamun Fruit Smoothie
Bohra Style White Mutton Stock Soup	Mutton Khurdi
Boiled Egg With Salt And Pepper	Finger Food For Babies Above 9 Months
Boiled Peanut Raita	Peanut Raita
Boti Masala Chaat	Fryums Chaat
Bottle Gourd & Mint Vegetable Juice	Lauki Juice
Bottle Gourd And Steamed Dumplings Curry	Dudhi Dhokli Nu Shaak
Bottle Gourd And Toor Dal	Andhra Style Sorakaya Kura
Bottle Gourd Flatbread	Lauki Paratha
Bottle Gourd Fudge With Cottage Cheese	Lauki Burfi With Paneer
Bottle Gourd Ice Cream	Lauki Ice Cream
Bottle Gourd In Milk Curry	Doodh Dudhi
Bottle Gourd In Yogurt Gravy	Lauki Yakhni
Bottle Gourd Peel Chutney	Gourd Peel Chutney
Bottle Gourd Potato Vegetable Curry	Lauki Aloo Sabzi
Bottle Guard Peel Steam Free	Bottle Gourd Peel Stir Fry|Lau Er Khosha Bhaja|Lau's Peel Fried
Bread, Paneer & Potato Instant Vada	Bread, Paneer and Potato Vada
Brinjal Cooked With Spicy Coriander Mix	Andhra Style Vankaya Kothimeera Karam
Brinjal In Curd Based Gravy	Dahi Baingan
Brinjal Prawns Masala Curry	Baingan Prawn Masala
Brinjal Stir Fry With Curry Powder	Podi Potta Pachhai Kathirikai
Brinjal Tomato Vegetable	Baingan Tamatar Sabzi|Brinjal|Eggplant Masala
Broad Beans Payasa	Avarekalu Payasa
Broccoli Almond Soup	Healthy Soup Weight Loss
Broccoli & Bell Pepper Zunka	Broccoli Capsicum Junka
Broccoli and Tofu Green Curry	Broccoli and Tofu Vegetable
Broccoli Cheese Mayo Sandwich	Broccoli Paneer Mayo Sandwich
Broccoli Cooked With Indian Spices	Kadai Broccoli Masala
Broccoli Cream Kofta	Broccoli Malai Kofta
Broccoli In Spicy Yogurt Gravy	Broccoli Pakora Masala
Broccoli Keema And Cheese Uttapam	Broccoli Keema and Utapam
Broccoli Puree With Butter and Garlic (For Babies	toddlers over 7 months)
Broken Wheat Pakora	Dalia Pakora
Broken Wheat Porridge	Meetha Daliya With Milk & Fruits
Brown Rice Flakes Pudding	Desi Poha Kheer
Buddha's Delight (Thin Rice Noodles With Vegetables)	Budhha's Delight (Thin Rice Noodles With Vegetables)
Burnt Garlic Chicken Fried Rice	Indo Chinese Fried Rice
Butter Chicken	The Classic Indian Chicken Gravy
Butter Garlic Naan	Garlic Flavoured Flatbread
Buttered Broccoli Poriyal Sabzi	Finger Food For Babies And Toddlers
Buttered Green Beans	Finger Food for Toddlers
Buttered Mashed Potatoes	For Babies Over 7 months
Buttered Potato Cubes	Finger Food For Babies Above 9 Months
Buy Manga Soya Sundal	Thenga Manga Soya Sundal
by Maddur	Maddoor Wade|Maddur Vada|Maddur Vade
Cabbage And Carrot Poriyal	No Onion And Garlic
Cabbage And Multigrain Fritters	Kobiche Vade
Cabbage and Soya Keema	Gobi and Soya Keema
Cabbage Capsicum Sabzi	Cabbage Capsicum Vegetable
Cabbage Chana Dal Sabzi	Gobi Chana Dal
Cabbage Poricha Kootu (Red Cabbage)	South Indian Cabbage Dal
Cabbage Stir fry With Coconut	Muttaikose Poriyal
Cabbage Thoran	Poriyal
Cannabis cold	Bhang Thandai
Caramel Undalu (Rice Flour Chochonuth Fritters)	Andhra Style Cucumbers|Andhra Style Paakundalu|Pakam Undalu (Rice flour Coconut Fritters)
Carp Fish In Green Spinach And Coriander Gravy	Hariyali Machali
Carrot Cauliflower Peas Sabzi	Carrot Cabbage Pea Vegetable|Gajar Gobi Matar Sabzi
Carrot Coconut Pachadi	Carrot Pachadi With Coconut
Carrot Curd Rice	Curd Rice With Carrots
Carrot Fenugreek Stir Fry	Gajar Methi Poriyal
Carrot Pulao	Carrot Rice
Carrot Puree	First Food For Babies
Carrots Coriander Pakora	Carrots and Coriander Fritters
Case Podimas (South Indian Style Blindine Mash)	Vazhakkai Podimas (South Indian Style Plantain Mash)
Cashew Bunch	Munthiri Kothu
Cashew Nut Pistachio Fudge	Kaju Pista Roll
Cashmere Steel Fried Tomato	Fish Curry|Kashmiri Style Gaad T Tamatar
Cauldron Baby Corn Cheese	Kadai Baby Corn Paneer
Cauliflower Au Gratin	French Style Cauliflower & Cheese Bake
Cauliflower Pepper Fry	Chettinad Style Pepper Cabbage
Chakolaya (Maharastrian Varan Phal)	Chakolaya (Maharastrian Varun)
Chana Aur Aloo Ki Sookhi Sabzi	Gram and Potato Dry Vegetable
Chana Dal Aloo Cutlet	Gram Dal Potato Cutlet
Chana Dal & Methi Ki Sabzi	Chana dal and fenugreek vegetable
Chana Dal Chutney	Mysore Chutney
Chana Dal Dry Sabzi	Telangana Style Barada Palya
Chana Dal Vada Curry	Masala Vada Curry
Chanar Dalna -Bengali Style Paneer & Potato Gravy	Bengali Steel Paneer & Potato Gravy|Chanar Dal
Chatpata Baby Potato	Chickpea Potato
Chatpata Kabuli Chana Salad	Chickpea Salad
Chatpata Kala Chana Pakora Roll	Frankie
Chatpata Lobia Chaat	Healthy Black Eyed Bean Snack
Chatpata Mango Spritzer	Mango Shikanji
Chatpata Rajma Salad	Kidney Beans Salad
Chatpati Sattu Ki Kachori	Kachori Stuffed with Sattu and Pickle
Chayote Squash In Dal Coconut Curry	Chow Chow Thakkali Kootu
Cheddar Beer Bread	Cheesy Bread
Cheese Garlic Crack Bread	Cheese Garlic Cracked Bread
Chemba Rice -Pressure Cooker Method	Matta Rice
Chena Mezhukkupuratti ( Eggplant Foot Yam Stir Fry)	Chena Mezhukuparrati ( Eggplant Foot Yam Stir Fry)
Chenakayi Erissery	Yam Erissery
Chettinad Chicken Curry	Chettinad Chicken Surri|Chettinadu Chicken Curry|Chettinadu Kozhi Kuzhambu
Chettinad Egg Paniyaram	Chettinad Muttai Paniyaram|Egg Paniyaram|Rise Paniyaram
Chettinad Egg Scramble with Beans	Beans Muttai Poriyal
Chettinad Eral Thokku	Prawn Masala
Chettinad Kathirikai Chops	Brinjal Curry for Biryani
Chettinad Kozhi Rasam	Chettinad Chicken Rasam
Chettinad Muttai Masala	Chettinad Style Egg Curry
Chettinad Nandu Varuval (Crab Fry Dry With Baby Onions)	Chettinadu Nandu Varuval (Crab Fry Dry With Baby Onions)
Chettinad Pazha Payasam	Fruit Payasam
Chettinad Poondu Rasam	Spicy Garlic Rasam
Chettinad Style Chickens Togayal (Horsegram Chutney)	Chettinadu Style Kollu Thogayal (Horsegram Chutney)
Chettinad Style Mixed Vegetable	Kesari Pittal
Chettinad Style Potato Kara Kuzhambu	Chettinadu Style Potato Kaarakozhambu
Chettinad Style Puliogare Gojju	Chettinad Style Puliyogare Gojju
Chettinad Style Urulai Roast	Baby Potato Roast
Chettinad Thakkali Sadam (Chettinad Style Tomato Rice)	Chettinad Takkali Sadam (Chettinad Style Tomato Rice)
Chettinad Vegetable Casserole	Chettinad Vegetable Pulao
Chia Seeds Shikanji	Sabji Shikanji
Chicken And Bell Peppers In Tomato Gravy	Chicken Jalfrezi
Chicken Cooked With Onion And Capsicum	Kadai Chicken
Chicken Donne Biryani	Bangalore Shivaji Military Style
Chicken In A Palak Gravy	Murgh Palak
Chicken In Almond Gravy	Murg Badami
Chicken in Coconut Milk Curry	Chicken Mapas
Chicken In Rich Creamy Gravy	Murgh Malaiwala
Chicken In Tomato Gravy With Potatoes	Kachi Tikya
Chicken Learned Kebab	Chicken Seekh Kebab
Chicken Malai Kebab (Reshmi Kebab)	Murg Malai Kebab (Reshmi Kebab)
Chicken Pakora	Chicken Fritters
Chicken Pies	Chanar Payesh
Chicken Schezwan Momo	Steamed Chicken Dumpling
Chicken Tangdi Masala	Murgh Masala
Chicken Tikki	Chicken Cutlet
Chicken Tomato Macaroni	Pasta with Indian Masalas
Chicken with Fenugreek Leaves	Methi Murgh
Chicken with Gandharaja Lemon & Green Chili	Chicken With Gondhoraj Lebu & Green Chillies|Lebu Lonka Murgi|Lemon Chicken Chicken
Chicken Yakisoba	Japanese Noodles
Chickpeas In Fresh Coriander Gravy	Dhania Chole Masala
Chilke Wali Moong Dal	Chilke Wali Mung Dal|Peeled Moong Dal
Chilke Wali Mung Dal Curry	Peeled Moong Dal Curry
Chillies Stuffed With Spiced Gram Flour	Bharwa Besan Mirch Sabzi
Chinese Style Stir Fried Water Chest Nut with Vegetables	Chinese Style Stir Fried Water Chestnut with Vegetables
Chironji And Makhane Ki Kheer	Chironji and Makhane Kheer
Chironji Ki Dal	Chironji dal
Choco Badam Barfi	Choco Almond Fudge
Chocolate Kaju Katli	Chocolate Kaju Barfi
Chole Semiya Pulao	Chickpea Vermicelli Pulao
Chotti Aloor Dum	Baby Potatoes In Tomato Gravy
Chow-Chow Kothamalli Chutney	Chayote Coriander Chutney
Chow Chow Kothamli Chutney	Chow Chow Kothamalli Chutney
Chow Chow Moss Lentil Fry	Chayote Squash And Moong Stir Fry|Chow Chow Pasi Paruppu Poriyal|Toyota Squash and Moong Stir Fry
Chow Chow Vegetable	Chow Chow Poriyal
Chow Chow Verkadalai Masala Curry	Chayote Peanut Poriyal
Churma Ladoo With Badam & Flaxseed	High Protein Snack
Churros With Cinnamon & Sugar	Eggless
Cinnamon Spiced Mango Jam	Raw Mango Murabba
Classic Greek salad	Greek Salad
Classic Homemade Hummus With Lemon And Coriander	Classic Hummus
Classic Sourdough Bread from Multan	Doli Ki Roti
Coconut Banana Fritters	Nei Appam|Unniyappam
Coconut Coconut Chili Powder	Dry Coconut Chutney Podi|Kopparai Thengai Milagai Podi|Mr. Coconut Chutney Bodi
Coconut Milk & Dal Sambar	Kobbari Charu
Colflower Pea Bhurji	Cauliflower Matar Bhurji
Coorg Koli Curry	Coorgi Chicken Curry
Coorg Style Kadumbuttu	Kadambuttu
Coorg Style Kulae Puttu	Puttu with Jackfruit & Jaggery
Coorg Style Mixed Vegetable Stew	Kodava Kootu Curry
Coriander And Curry Leaves Rice	Kothamalli Karuveppilai Sadam
Coriander Leaves Chutney	Kothamalli Thogayal
Coriander Mint Chicken Tikka	Dhaniya Pudina Chicken Tikka
Coriander Mint Chutney	Green Chutney
Coriander Semiya	Vermicelli Pulao
Corn Capsicum Sandwich	Corn And Capsicum Sandwich
Corn only quiche	Corn Matar Kachori
Cottage Cheese Flavored with Rose Water	Gulab Sandesh
Cottage Cheese In Rich Gravy	Paneer Peshawari
Cottage Cheese Pancake Stuffed With Chocolate	Russian Syrniki
Creamy and Healthy Paneer Aloo Kofta Curry	Malai Kofta Curry
Creamy Indian Butter Fish	Creamy Pabda Fish
Crisp Delicious Puri	Sindhi Pakwan
Crispy Amla Gawar Pod Sabzi	Crispy Amla Gawar Phali Sabzi
Crispy and Spicy Chilli Chicken	Indian Style
Crispy Chicken Dumplings	Crispy Chicken Pakoda
Crispy Chicken Nuggets	KFC Style
Crispy Curd Snacks	Curd Jantikalu
Crispy Fried Savoury Fritters	Pheki Mathri
Crispy Masala Peanuts	Gujarati Sing Bhujia
Crispy Noodle Salad	Chinese Bhel
Crispy Palak Pakora	Monsoon Snack
Crispy Rice Crepes	Utanki
Crunchy Carrot Peanut Raita	Gajar Moongphali Raita
Crunchy corn and capsicum chaat	Corn and Bell Peppers Chaat
Crunchy Fish Tacos	Perfect Mexican Appetizer
Crunchy Grated Carrot In Yogurt	Carrot Tadka Raita
Crunchy ladyfinger and onion masala	Kurkuri Bhindi And Onion Masala
Crunchy Ragi And Oats Breakfast Bowl	Ragi and Oats Breakfast Bowl
Crusty Bread with Sesame Seeds	Turkish Pide
Cucumber Fry	Cucumber|Dondakkai|Kovakkai Poriyal|Tindora Fry|Tindora Poriyal
Cucumber Gantha (Kheer Puli)	Khira Gaintha (Kheer Puli)
Cucumber Mint Buttermilk	Afghani Dhoog|Chaas
Cumin & Black Pepper Prawns	Jeera Miri Kolambi
Cumin And Ghee Flavored Rice	Jeera Rice
Curd Rice Style Overnight Oats	Curd Oats
Curry Leaf Flavoured Chicken	Karuveppilai Chicken Fry
Curry Leaf Raita	Karuvepillai Pachadi
Curry Leaves Buttermilk	Curry Patta Chaas
Curry Leaves Chutney Podi	Karuveppilai Chutney Podi
Dahi Batata Puri Chaat	Classic Indian Tea Time Snack
Dahi Suran Ki Kadhi	Yam Cooked In Yogurt Curry
Dahi Vada in Refreshing Buttermilk	Chaas Dahi Vada
Dahi Vada With Sweet & Spicy Chutney	Dahi Vada
Dahi Wale Paneer	Paneer In A Curd Gravy
Dahi Wale Tinda Ki Sabzi	Apple Gourd in Yogurt Curry
Dairy Free Balsamic Strawberry Ice-cream	Dairyfree Balsamic Strawberry Ice-cream
Dal Tadka Flavored with Lemon and Coriander	Dal Tadka|Dal Tadka Flavoured With Lemon And Coriander
Danish Chocolate Pancake Puffs	Æbleskivers
Dark Chocolate Pots De Crème	Dark Chocolate Cream Jars
Date Obbattu (Date Puran Poli)	Date Obattu (Date Puran Poli)
Dates Pakora Raita	Khajur And Pakora Raita
Deep Fried Sago Patties	Cutlets|Sabudana Vada
Delicious Almond Halwa With Khoya	Badam Halwa
Delicious Crispy Layered Sweet Puri	Chiroti
Delicious Indian Style Chinese Chicken	Chilli Chicken
Delicious Mango Peda	Aam Peda
Delicious Whole Wheat Buns	Goan Poee
Dhaba Style Chicken Masala	Chicken Bharta
Dhaba Style Dal Fry (Dhaba Style Dal Fry)	Dhaba Style Dal Fry
Dhaba Style Dal Palak (Dhaba Style Dal Palak)	Dhaba Style Dal Palak
Dhania Wale Aloo	Coriander Potato|Coriander Potato Dry|Rich Potato
Dhugare Baingan	Dhungare Baingan
Diabetic Friendly Green Moong Dal	Mung Beans Soup
Diabetic Urad Dal Tadka	Dal Kabila
Dibba Rotti	Minapa Rotti
Dill flavored Coconut Rasam	Karnataka Style Bassaru
Dill leave & Toor Dal Rasam	Karnataka Style Sabbasige Rasam
Dill Leaves Toor Dal	Shepu|Suva Dal
Diwali Cornflakes Mixture	A Savory Evening Tea Snack
Doi Shorshe Chingri	Prawn Mustard Curry
Doodanche Fov (Goan Style Milk Beaten Rice	Poha In Milk)
Dried Chole	Sukhe Chole
Dried Kala Chana Masala	Ashtami Prasad|Sukha Kala Chana Masala
Dried Neem Flower Flavored Rice	Dried Neem Flower Flavoured Rice
Drumstick Leaves Kadhi Pakora	Moringa Kadhi Pakora
Drumstick Leaves Ragi Roti	Moringa Millet Flat Bread
Drumstick Spinach Fry With Moong Dal	Murungai Keerai Poriyal With Moong Dal
Drumstick Spinach Juice	Murungai Keerai Rasam
Dry Chickpea Stir Fry	Mangalorean Style Sonay Sukka
Dry Chickpeas Masala with Capsicum	Kadai Chole
Dry Dates Kheer	Karnataka Style Utthatthi Payasa
Dry fenugreek cream only	Dry Methi Malai Matar
Dry Fenugreek Flavoured Fish Curry	Kasuri Methi Mach
Dry Ginger Coffee	Chukku Copy|Chukku Kaapi
Dry Kidney Beans and Spinach Stir Fry	Rajma Sagwara
Dry Masala Chickpeas	Chole Masala|Sukhe Chole
Dry Moong Palak Dal	Sookhi Moong Palak Dal
Dry Pomegranate & Potato Pakora	Anar & Aloo Pakora
Dry Red Chili Potatoes Fry	Konkani Style Batata Song
Dry Suran Masala Vegetable	Sukhi Suran Masala Sabzi
Dubki Wale Aloo	Dip Potato
Dum Murgh Aatishi	Spicy Smoked Chicken
Dum Murgh Kali Mirch	Chicken In Rich White Gravy
Duration Special Nihari	Awadhi Khaas Nihari
Durg Style Mushroom Curry	Coorg Style Mushroom Curry
Easy Spaghetti In Creamy Tomato Sauce	Vegetarian & Kid Friendly
Egg Curry With Spicy Malvani Masala	Malvani Anda Curry
Egg Pakora	Egg Fritters
Egg Roast Masala Dosa	With Moong Dal Dosa Batter
Egg Shoap	Assamese Appetizer
Egg White Frittata With Roasted Vegetables	Eggwhite Frittata With Roasted Vegetables
Eggless Boston Cream Cupcake	Vegan Option
Eggless Traditional Christmas Cake	Vegan Options
Eggplant Drumstick Curry	Konkani Style Vengaya Sagle
Eggplant Foot Yam Stir Fry	Chyna Upper
Eggplant In Mustard Yogurt Curry	Begun Basanti
Eggplant In Spicy Onion Gravy	Vankaya Ulli Karam
Eggplant is a Tangy Coconut Gravy	Kathirikai Rasavangi
Eggplant Pakora	Baingan|Beguni
Egyptian Dessert With Puff Pastry	Umm Ali
Ellu Sadam	Sesame Rice
Evening Tea Time Snack	Authentic Nimki
Fangrik Layaves Puri with Yogyurat	Dahi Methi Puri|Fenugreek Leaves Puri With Yogurt
Farfalle Aglio-E-Olio	Farfalle Garlic-And-Oil
Fennel Potato	Saunf Aloo
Fenugreek & Soy Chunks Dry Vegetable	Methi & Soya Chunks Dry Sabzi
Fenugreek & Split Bengal Gram Curry	Chana Methi Dal
Fenugreek cream cheese	Methi Malai Paneer
Fenugreek, Green P & Lotus Seeds Curry	Fenugreek Makhana Matar Korma|Methi, Green Pea & Lotus Seeds Curry|Methi Makhana Mutter Korma
Fenugreek Green Peas Pulao	Methi Matar Pulao
Fenugreek Paneer Bhurji in Creamy Gravy	Methi Paneer Bhurji in Creamy Gravy
Fenugreek Peas Curry With Cream	Methi Malai Matar
Fenugreek salt pare	Methi Namak Pare
Fenugreek Seeds Tambli	Menthe
Fermented Rice Pancakes With Coconut	Kerala Style Appam
Field Thepla	Lauki Thepla
Finger Millet Almond Soup With Vegetables	Ragi Badam Soup
Finger Millet Porridge with Vegetables	Arunachal Pradesh Zan
Firm Mod Modak	Peanut Pudding|Salt Pudding|Ulundu Kozhukattai|Uppu Kozhukattai|Urad Dal Modak
Fish Cooked In Banana Leaf	Patra Ni Machi
Fish With Spicy Masala Filling	Fish Sukka
Flat Beans In Poppy Seeds	Bengali Style Sheem Poshto
Flat Bread Stuffed With Shredded Chicken	Malabar Style Erachi Pathiri
Flatten Rice Spicy Mixture	Fried Poha Chivda
Foxtail Millet Idli	Healthy Indian Diabetic Idli
Foxtail Millet Paruppu Adai With Keerai	Foxtail Millet and Lentil Crepes with Spinach
Fragrant rice cooked with spices and fresh peas	Matar Ki Tehri
French Almond Tea Cake	Financiers
Fresh Mango Salsa	Mango Salsa
Fried Gram Chutney	Kadale Chutney
Fried Poha Chivda	Poha Chivda
Frozen Royal Crumb	Thandai Shahi Tukda
Fruit & Nut Pooris In Saffron Milk	Surti Obbattu
Fruit Tart	Vegan
Fusion Payasam With Pasta	Pasta Payasam
Gajar Amla Raita	Carrot Gooseberry Raita
Gajar Shalgam Ka Paani Wala Achar	Carrot And Turnip Pickle
Ganne Ke Ras Ki Kheer	Sugarcane Kheer
Garlic Amla Chutney	Lehsun Amla Chutney
Garlic Based Yogurt	Burani Raita
Garlic Methi Paneer Curry	Lehsuni Methi Paneer
Garlic Methi Raita	Lehsun Methi Raita
Garlic Mint Chutney	Lehsuni Pudina Chutney
Garlic Tikki	Lehsuni Tikki
Gavar Ki Sabzi	Gavar Ki Sabji
Gavarfali Ki Sukhi Sabzi	Gawarfli Dry Vegetable
Gawar Ki Sabzi	Cluster Beans Curry
Gawar Phali Dal Sabzi	Kothavarangai Paruppu Usili
Gawar Phali Masala Sabzi	Cluster Beans Gravy Sabzi
Gawar Phali Methi Ki Sabzi -Cluster Beans Methi Sabzi	cluster beans fenugreek vegetable|Gawar pods fenugreek vegetable
Gehun Ka Halwa	Wheat Pudding
Ghee Tooria Per Eda	Parsi Style Ridge Gourd With Fried Eggs
Ginger-Holi Basil Teasene	Adrak Tulsi Chai|Ginger Basil Tea|Ginger-Holy Basil Tisane
Ginger Tea	Adrak Chai
Ginger Turkey Rice	Ginger Teriyaki Rice
Gluten Free Rajgira Barfi	Gluten Free Rajgira Burfi
Goan Chicken Gravy	Chicken Xacuti
Goan Lady Fish Curry	Muddoshi Hooman
Goan Molyacho Ross	Goan Moolyacho Ross
Goan Pomfret Curry	Paplet Hooman
Goan Raw Mango Curry	Amlechi Uddamethi
Goan Semolina Crusted Yam	Suran Fodi
Goan Stuffed Masala	Goan Recheado Masala
Goan Style Bebinca	Baby|Bebik|Bebinka|Goan Style Baby
Goan Style Cabbage Stir Fry	Cabbage Foogath
Goan Style Chana Dal Payasam	Manganem
Goan Style Flat Beans Dry Sabzi	Val Papdi Bhaji
Goan Style Frango Vera	Chicken Vera
Goan Style Mooli Ki Sabzi	Mulyachi Bhaji
Goan Style Recheado Bangdo	Stuffed Mackerel
Goan Style Red Amaranth Stir Fry	Tambdi Bhaji
Gobhi Ke Kofte	Gobi Ke Kofte
Gojju Avalakki	Puli Aval
Goli am	Goli Baje|Mangalorean Vada
Gond Ke Ladoo	Edible Gum Ladoo
Gongura Chicken Curry	Andhra Style Gongura Chicken
Gram Flour Dumpling In Yogurt Curry	Marwadi Gatte Ki Kadhi
Gram Flour Ladoo	Karnatak Style Hurigadale Tambittu
Gram Flour Vermicelli Snack	Homemade Sev
Grape Wright	Angoor Raita
Grated Bottle Gourd Yogurt Salad	Gourd Raita
Gravel-til Bhakri (Cesme Crusted Barge Flobard)	Bajri-Til Bhakri (Sesame Crusted Bajra Flatbread)
Greek Yogurt Pudding With Saffron	Kesar Shrikhand
Green Beans Lentil Usili	Green Beans Paruppu Usili|Iyengar Style
Green Beans Moth Beans Sabzi	Beans Matki Bhaji
Green Beans With Gram Flour Dumplings	Fansi Muthia Nu Shaak
Green Chili Fritters	Chili Bajji|Green Chilli Fritters|Mirapakaya Bajji|Mirchi Bajji
Green Chilli Stir Fry	Mirchi Ke Tipore
Green Chilli Vegetable (Green Chilli Vegetable)	Green Chilli Vegetable
Green Chutney Rava Dhokla	Sooji Dhokla
Green Coriander And Coconut Chutney	Coriander and Coconut Chutney
Green Lentil And Peas Kebab	Moong Matar Kebab
Green Moong Dal Curry	Mangalorean Padengi Gassi
Green Moong Dal Payasam	Pachai Payaru Payasam
Green Moong Sprout Fry	Green Legume Fry|Green Moong Sprout Poriyal|Pachai Payaru Poriyal
Green Moong Sprouts, Raw Mango Salad	Sprouted Green Moong and Raw Mango Salad
Green Papaya Prawn Curry	Pepe Chingri
Green Peas And Paneer Kachori Curry	Matar Paneer Kachori Korma
Green peas Curry	Goan Style Patol Bhaji
Green Peas In A Onion Tomato Gravy	Matar Chi Usal
Green Peas Sundal	Pattani Sundal
Green Sprouts & Flat Broad Bean Stir Fry	Pacha & Mocha Parappu Sundal
Green Tea Coconut Ladoo	Coconut Energy Balls
Grilled cheese fenugreek tikki	Grilled Paneer Methi Tikki
Grilled Chicken Skewers	Lebanese Style Shish Tawook
Grilled Pineapple and Chicken Salad	Tangy Summer Salad
Guar Fali Masala Vegetable	Gawar Phali Masala Sabzi
Gujarati Badshahi Pulao	A Rich Preparation Of Rice, Vegetables, Nuts And Spices
Gujarati Batata Pulao	Sweet And Spicy Pulao With Lentils And Potatoes
Gujarati Dabla Keri Nu Athanu	Gujarati Double Mango Pickle|Stuffed Mango Pickle
Gujarati Gol Papdi	Golpapdi|Gur Papdi|Sukhdi
Gujarati Kobi Marcha No Sambharo	Cabbage & Bell Pepper Stir Fry
Gujarati Lasaniya Batata	Garlic Potato Curry
Gujarati Masala Rice	Vagharelo Bhaat
Gujarati Mooli Bajra Muthia	Radish And Bajra-Besan Dmplings
Gujarati Ripe Mango Curry	Fajeto
Gujarati Sev Tameta Nu Shaak	Sev Tamatar Ki Sabzi
Gujarati Steel Sweet & Savory Panke	Gujarati Style Sweet & Savoury Pancake|Khatta Meetha Pudla|Sour Sweet Pudla
Gujarati Style Multigrain Masala Kadak Puri	Masala Mathri
Gujarati Style Oriya Pak	Gujarati Style Adadiya Pak
Gujarati Vagharela Mag	Moong Sprouts Sabzi
Gujarati Valsadi Vada	Multigrain Masala Vada|Multigran Masala Vada
Gujarati Vegetable Stir Fry	Cabbage and Carrot Sambharo
Gujarati Wadi Casserole	Gujarati Wadi Pulao
Gujiya (Maharashtrian Deep Fried Savoury Pastry)	Matar Karanji
Gujiya Stuffed With Saffron, Khoya & Nuts	Kesar Mawa Gujiya
Halasina Bijada Saaru -Jackfruit Seed Juice	Halasina Bijada Saru -Jackfruit Seed Rasam|Konkani Style Kotte Saaru
Haleem Ke Kebab	Haleem Kebab
Hara Pyaz Paratha	Spring Onion Paratha
Hare Chane Ki Burfi	Hare Chana Barfi
Hare Pyaaz Ki Puri	Green Onion|Spring Onion Puri|Whole Green Onion
Hare Tamatar Ki Sabzi	Green Tomato Vegetable|Raw Tomato Curry
Hari Matar Ke Pakode	Green Pea Freighters|Green Pea Fritters|Green Pea Pakoras
Harive Soppu Palya	Padpe Uppukari
Health Benefits of Rasna (Alpinia Galanga)	Ayurvedic Medicinal Plant
Healthy Fenugreek Seeds Stir Fry	Methi Dana Sabzi
Healthy Horse Gram and Coconut Curry	Hurali Saaru
Healthy Horse Gram Rasam	Kollu Rasam
Healthy Indian Sweet Made With Ragi	Ragi Halwa
Healthy Pan Fried Lentil Cake	Gujarati Tawa Handvo
Healthy Punjabi Dry Fruit Snack	Panjiri
Healthy Sesame Bars	For Chikki|Til Chikki
Herbal Brown Rice	Herbed Brown Rice
Herbal Drink From Basil	Basil Tincture (Or)|Herbal Drink From Tulsi|Tulsi Kashayam (Kaada)
Hesaru Bele Southekayi Kosambari	Cucumber Kosambari|Name Cucumber Salad|Quickcomber sausage
Hesarukalu Bele Kosambari -Sprouted Green Moong With Tadka	Sprouted Green Moong with Tadka
High Protein Dish	Simple & Easy Chicken Cutlet
High Protein Horse Gram Dosa	Kollu Masala Dosa
Hilsa Fish Curry In Rich Gravy	Ilish Macher Korma
Himachali Chana Madra (Himachali Chana Madra)	Himachali Chana Madra
Himachali Pahari Auriya Kaddu	Himachali Tangy Pumpkin Sabzi
Himachali Pahari Mutton	Himachali Pahadi Mutton
Himachali Style Pahari Aloo Palda	Potatoes In Yogurt Gravy
Hirve Kalvan (Fresh Coriander and Coconut Curry)	Hirve Kaalvan (Fresh Coriander and Coconut Curry)
Hog Plums & Bitter Gourd Pickle	Ambade Kaarle Lonche
Homemade Butter Naan	Soft Yogurt Bread
Homemade Dhansak Masala Powder	Dhansak Masala Powder
Homemade Easy Gulab Jamun	Delicious & Tasty
Homemade Idiyappam	Rice Sevai
Homemade Kanpe Papdi Chaat	Homemade Canape Papdi Chaat
Homemade Kashmiri Masala	Spice Mix
Homemade Lemon Sevai	Lemon Idiyappam
Homemade Mysore Pak	Traditional Made With Ghee
Homemade Quick Puff Pastry Sheet	Perfect For Puffs, Tarts & Pies.
Homemade Spice Powder for Tea	Chai Ka Masala
Homemade Thengai Sevai	Coconut Idiyappam
Homemade Whole Wheat Pav	Ladi Pav
Honey Sesame Chilli Potato	Indian Chinese Chilli Potato
Horse Gram Sambar With Vegetables	Sprouted Kollu Sambar
Horsegram Dal	Kollu Dal|Kulith
Hot and Sour Yam Dry Curry	Karwar Style Surana Bhaji
Hot and Sweet Amla Chutney	Amla Chutney
Hot & Sweet Indian Gooseberry Pickle	Amla Achaar
Hot chicken	Teekha Murgh
How To Boil Eggs At Home	Boiled Eggs
How To Cook Broken Wheat In Pressure Cooker	Plain Dalia
How to Cook Lentils (Dals	Pulses) in a Pressure Cooker
Hurali Kalu Chutney	Horse Gram Chutney
Hyderabadi Double Ka Meetha	Traditional Shahi Tukda
Hyderabadi Style Cells	Hyderabad Style Kuska|Hyderabadi Style Kuska
Idly chat	Idli Chaat
Immunity Building Home Remedy Made From Millet Flour	Raab
Indian Beaten Coffee	Dalgona Coffee
Indian Chicken Keema Sliders	Chicken Keema Sliders
Indian Hog Plum Curry	Amtekai Gojju
Indian Spiced Lemonade	Jal Jeera
Indian Spiced Pistachio Fudge	Pista Burfi
Indian Spiced Roasted Smoked Potatoes	Tandoori Aloo Tikka
Indian Style Beetroot Soup	Beetroot Soup
Indian Style Ginger Tea	Adrak Chai
Indian Style Lentil Soup	Dal Shorba
Indo Chinese Paneer Lollipop	Indo Chinese Paneer Lolipop
Indonesian Chicken Noodle Meal bowl	Soto Ayam
Indonesian Meatball Noodle Soup	Mee Bakso
Indonesian Style Crunchy Fried Chicken	Ayam Goreng Kremes
Instant Baked Potato Tikki	Instant Baked Aloo Tikki
Instant Gor Kairi Lonche	Sweet Raw Mango Pickle
Instant Lemon Avalakki	Instant Nimbe Avalakki|Instant Poha Snack
Instant Mango Ginger Pickle	Mangai Inji Pickle
Instant Puliodarai Powder (Puliogare	Instant Puliyodharai Powder (Puliyogare|Pulihora Powder)
Instant Sooji Oats Dhokla	Steamed Semolina & Oats Dhokla
Instant Spice Oat Pit Paniaram	Instant Masala Oats Kuzhi Paniyaram
Instant Tendli Pickle	Tindora Sambharo
Iranian Tea	Irani Chai
Irish Barm Brack	Irish Barmbrack
Italian Baked Eggplant in Tomato & Parmesan	Melanzane alla Parmigiana
Italian Grissini	Homemade Breadsticks
Ivy Gourd & Brinjal Sambar	Udupi Style Thondekayi And Badnekayi Sambar
Jackfruit Idli	Pansu Idli
Jaggerya Dosa	Jaggery Dosa|Vellai
Jaipuri Aloo Pyaz Ki Sabzi	Jaipuri Potato Onion Vegetable
Jaisalmer Kala Chana Kadhi	Rajasthani Chick Curry|Rajasthani Chickpea Curry
Janmashtami Special)	Gopalkala
Japanese Chicken Skewers	Chicken Yakitori
Japanese Omelette Rice	Omurice
Jhinga Gawar -Shrimps & Cluster Beans Sabzi	Jhinga Gavar|Shrimps & Cluster Beans Vegetable
Jhunka Vadi	Maharashtrian Speciality|North Karnataka
Jhurre Jhule Aloo Bhaja	Jhure-Jhure Aloo Bhaja
Jolada Roti	Jowar Bhakri
Jowar Atta Pyaz Thepla	Sorghum Wheat Onion Thepla
Jowar Atta Roti	Sorghum Wheat Phulka
Jowar Garlic Naan	Healthy Sorghum Naan
Jowar Jo Dodo	Sindhi Sorghum Roti
Jowar Upma	Ghoogri
Kabuli Chana Chaat	High Protein Snack of Chickpea Chaat|High Protein Snack of Chikki Chaat
Kabuli Chana In Mustard Leaves Gravy	Sarson Chole Ka Saag
Kabuli Chana Kofta Biryani	Chickpea Kofta Biryani
Kabuli Chana Sundal	Chickpea Sundal
Kaccha Kela Aur Bhindi Ki Sabzi	Raw Banana and Bhendi Vegetable|Raw Banana & Ladies Finger Stir Fry
Kadabu -Sweet Dumpling	Konkani Style Patholi
Kaddu Kala Chana Sabzi	Kumror Chokka|Pumpkin Chickpea Curry
Kadhi Pakora	Kadhi Pakoras
Kakdi Chi Koshimbir	Maharashtrian Style Cucumber Salad
Kale Chane Ki Kadhi	Black Chickpea Kadhi
Kali Mirch Aloo Bhindi Sabzi	Aloo Bhindi Pepper Fry
Kali Mirch Chai	Pepper Tea
Kali Mirch Singhare Ki Sabzi	Black Pepper Singhada Vegetable
Kallu Knockout	Kollu Pachadi
Kanda Keri Nu Kachumber	Instant Mango Pickle|Onion Mango Salad
Kara Boondi Kurma	Boondi In Coconut Milk
Karantaka Style Seke Undlaka	Undlige
Kare Badge Badge Papa Badge Badge Badge	Bittergourd|Karela Bajji|Pavakkai Bajji
Karela Aur Baingan Ki Sabzi	Bitter Gourd Brinjal Sabzi
Karela Besan Sabzi	Besan vegetable
Karela Dahi Puri	A Chatpata Chaat Made From Bitter Gourd
Karela Ki Sabzi	Pavakkai Poriyal
Karela Tikki	Healthy Diabetic Snack
Karnataka Steel Awarekai Upma	Karnataka Style Avarekai Upma
Karnataka Steel Awarekalu Pulao	Avarekalu Pulao|Awarekalu Pulao|Karnataka Style Avarekalu Pulao
Karnataka Style Avarekalu Sagu -Hyacinth Beans	Mochai Kurma
Karnataka Style Bell Saaru	Karnataka Style Bele Saaru
Karnataka Style Bendekayi Gojju	Kayirasa
Karnataka Style Bottle Gourd Sabzi	Karnataka Style Sorakkai Palya
Karnataka Style Gawar Phali Sabzi	Gorikayi Palya
Karnataka Style Gorai Kai Kara	Cluster Beans Chutney
Karnataka Style Karanji	Gujhiya|Gujiya|Karigadab|Karigadabu
Karnataka Style Mixed Greens Sambar	Huli Soppu Saaru
Karnataka Style Moolangi Chutney	Karnataka Style Mullangi Chutney
Karnataka Style Obbattu Saaru	Sweet & Spicy Rasam
Karnataka Style Palak Dal or Palak Tovwe	Palak Dal
Karnataka Style Ragi Balls	Soft & Delicious Ragi Mudde
Karnataka Style Ragi Halwa	Ragi Halbai
Karnataka Style Rice Rava Upma with Fresh Pigeon Peas	Togarikalu Akki
Karnataka Style Southekayi Sippe Chutney	Karnataka Style Southekayi Seppe Chutney
Karnataka Style With Rava & Rice Flour	Rava Chakli
Karuva Pillai Pachadi	Karuvepillai Pachadi
Karwar NKGSB Style Bharli Vangi	Brinjal Curry
Karwar Style Ambade Udid Methi	Hog Plum Curry
Kashmiri Chhir Chot	Rice Pancakes
Kashmiri Kesar Pulao	Saffron Fennel Rice
Kashmiri Kulith Ki Dal	Horse Gram Dal
Kashmiri Phool Rogan Josh	Cauliflower in Red Curry
Kashmiri Rogan Josh	Mutton in Red Curry
Kashmiri Style Al Rogan Josh	Pumpkin In Red Curry
Kashmiri Style Chokh Vangun	Baingan Masala
Kashmiri Style Dum Oluv	Dum Aloo
Kashmiri Style Haak T Thool	Greens Cooked With Eggs
Kashmiri Style Mutton Gogji Syun	Mutton & Turnip
Kashmiri Style Nadru Yakhni	Kashmiri Style Nadru
Kashmiri Style Noon Chai	Pink Tea
Kashmiri Style Noon Tea	Kashmiri Style Noon Chai
Kashmiri Style Spinach	Kashmiri Saag|Palak
Kashmiri Sweet Pulao	Kashmiri Style Modur Pulao
Kasuri Methi Aur Aloo Rasedar	Kasuri Methi and Potato Frying
Kasuri methi leaves	Kasuri Methi Chole
Kathal Masaledar Sabzi	Jackfruit Masala Sabzi
Kathiawadi Adad Dal	Kathiyawadi Adad Dal|Spicy Urad Dal
Kathiri Urulai Masala Kuzhambu	Brinjal And Potato Masala Gravy
Kathirikai Urulai Kizhangu Kara Kuzhambu	Eggplant Potato Alkaline Broth
Kathirikkai Thogayal	Thuvaiyal
Kauni Rice Paniyaram	Kavuni Arisi Paniyaram
Kavuni Arisi Payasam	Black Rice Kheer
Kaya Tholi Thoran	Raw Banana Thoran
Kayi Saasive Chitranna	of Nut Mustard Chitran
Kebabs made with Brown Chickpeas	Shikampuri Kebab
Kerala Chicken Curry	Nadan Kozhi Curry
Kerala Kadala Curry (Kerala Kadala Curry)	Kerala Kadala Curry
Kerala Matta Rice or Basmati Rice	Homemade Rice Puttu
Kerala Mutton Roast	Kerala Mutton Masala
Kerala pala pradham	Kerala Palada Pradhaman
Kerala Pazham Pori	Banana Fritters|Nedra Pazham Fry
Kerala Pumpkin Coconut Curry	Pumpkin Erissery
Kerala Steel Green Gram Vegetable	Cherupair Thoran|Cherupayar Thoran|Kerala Style Green Gram Sabzi
Kerala Style Arabic Vegetable	Kerala Style Arbi Curry
Kerala Style Avial	Onam Sadya
Kerala Style Bhindi Stir Fry	Vedakkai Thoran|Vendakkai Thoran
Kerala Style Chakka Chased Ari Payasam	Jackfruit Brown Rice Kheer|Jagapriyat Brown Rice Kahir|Kerala Style Chakka Varattiyathu Ari Payasam
Kerala Style Chemmeen Moilee	Prawn Curry
Kerala Style Chicken Curry	Nandan Kozhi
Kerala Style Coconut Laced Jackfruit Sabzi	Chakka Erissery
Kerala style drumstick spinach pose	Kerala Style Murungai Keerai Thoran
Kerala Style Fish Curry	Fish Molee
Kerala Style Fish Fry	Meen Varutathu
Kerala Style Fish Split	Fish Fry|Kerala Style Fish Fry|Meen Varuthathu
Kerala Style Fried Rose Cookies	Achappam
Kerala Style Nadan Tomato Curry	Nadan Tomato Curry
Kerala Style Okra Thoran	Kerala Style Vendakkai Thoran
Kerala Style Papaya Curry	Omakka Curry
Kerala Style Potatoes In Shallots And Roasted Coconut	Baby Potato Theeyal
Kerala Style Raw Banana and Suran Kotu Curry	Kerala Style Plantain & Yam Thoran
Kerala Style Ripe Mango Curry	Pazhutha Manga Pachadi
Kerala Style Seasoned Buttermilk	Moru Kachiyathu
Kerala Style Stir Fried Beans	Beans Mezhukkupuratti
Kerala Style Taro Root Curry (Colocasia)	Kerala Style Taroo Root Curry (Colacasia)
Kerala Style Vattayappam	Kerala Style Vattayapam
Kerala Style Vedakkai Pachadi	Kerala Style Vendakkai Pachadi
Kerala Thenga Chammanthi	Coconut Onion Chutney
Kerala Thoran For Onam Sadya	Carrot Beans Thoran
Keri Na Gotla Nu Shaak	Gujarati Style Ripe Mango Curry
Kesar Mango Lassi	Saffron Mango Lassi
Kesar Paneer Ki Kheer	Cottage Cheese Milk Pudding
Kesar Pista Lassi	Saffron & Pista Lassi
Khajoor Imli Ki Chutney	Khajoor Imli Chutney
Khajur Imli Chutney	Date and Tamarind Chutney
Khandeshi Gram Flour Dumpling Curry	Dubuk Vade
Khatta-Meetha Aam Ka Murabba	Sour-Sweet Mango Marmalade
Khatta Meetha Tamatar Sabzi	A Chutney Style Dry Sabzi
Khatte Pudina Aloo	Tangy Mint Potatoes
Khatti Arbi Ki Sabzi	Colocasia in Yoghurt Curry|Sour Arabi Vegetable
Khatti Meethi Tindora Sabzi	Gujarati Tindora Nu Shaak
Kheer Puli Pitha	Bengali Pitha
Kidney Beans and Turnip Curry	Kashmiri Style Rajma Gogji
Kids Made With Del Monte	Creamy & Delicious Egg Mayo Sandwich
Kirai Sambar	Keerai Sambar
Kiwi Popsicles	Without Sugar
Knol Khol Flavored With Asafoetida	Kashmiri Monj Haakh
Knol Khol Gravy	Kohlrabi In A Yogurt Based Gravy
Kobari Charu	Kobbari Chaaru|Kobbari Charu
Kodava Ellu Pajji	Sesame & Tamarind Chutney
Kodava Kummu Curry	Coorg Style Mushroom Curry
Kokum And Coconut Milk Curry	Karwar Style Lasani Kadhi
Kokum Flavored Coconut Curry	Konkani Style Sol Kadhi
Kolambi Bhaat (Maharashtrian Prawn Rice)	Kolambi Bhaath (Maharashtrian Prawn Rice)
Kolhapuri akha masoor dal (masoor dal in kholpuri masala)	Kolhapuri Akkha Masoor Dal (Masoor Dal in Kholapuri Masala)
Kollu Puli Kuzhambu	Horsegram In A Tangy Gravy
Konaseema Kodi Kura	Andhra Style Chicken Curry
Kongunadu Style Arisi Bedding Sudden	Kongunadu Style Arisi Paruppu Sadam
Kongunadu Style Period Kujambu	Kongunadu Style Kalan kuzhambu|Mushroom Curry
Kongunadu Style Senai Kilangu Masala	Yam in Spicy Gravy
Konkan Style Modachia Mangachi MT -Sprouted Mong Bean Curry	Konkan Style Modachya Moongachi Amti -Sprouted Moong Bean Curry
Konkani Ash Gourd Curry	Kuvale Sasam
Konkani Capsicum Cashew Peanut Sabzi	Shimla Mirchi Panchamrut
Konkani Style Cabbage Sanna Polo	Savory Cabbage Dosa
Konkani Style Kadgi Chakko	Raw Jackfruit With Coconut
Konkani Style Kalwanche Tonak	Oyster Curry
Konkani Style Karate Batate Puddi Sagle	Bitter Gourd & Potato Curry
Konkani Style Koli Masala	Spice Mix
Konkani Style Solkadhi	Kokum Drink
Konkani Style Sungta Ambat Aani Tallel Sungta	Fried Prawns & Curry
Konkani Tendli Sukke	Ivy Gourd|Tindora Stir Fry
Korean Style Kim chi Udon Stir Fry with Scallions	Korean Style Kimchi Udon Stir Fry with Scallions
Kothamalli Rava Upma	Coriander Semolina Pudding
Kothu Kari Kuzhambu	Mutton Keema Curry
Kottayam Style Fish Curry	Meen Vevichathu
Kulith or Kollu Idli	Horsegram Idli
Kulith sesame chutney	horsegram sesame chutney
Kumro Patai Ilish Paturi	Hilsa Fish In Pumpkin Leaves
Kundapur Taal Masala Powder	Mangalorean Garlic Chilli Powder
Kurkure Karela Sabzi	Crispy Bhujia|Crispy Karela Bhujiya|Crispy Vegetable
Lachedar Kakdi Pyaz Kachumber	Onion Cucumber Salad
Ladies finger Dal without Coconut	Mangalorean Style Bendekayi Huli Koddel
Ladies Finger In Tomato Onion Gravy	Bhindi Masala Gravy
Ladies Finger Rasam	Andhra Style Bendakaya Charu|Andhra Style Vendakaya Charu
Lady Finger In Coconut Tamarind Curry	Bendekayi Puli Koddel
Lagan Ki Machli	Delicious Pomfret Curry
Lal Mas Biryani	Laal Maas Biryani
Langar Wali Dal	Dal Banjara
Lauki Ka Salan	Bottle Gourd Salan
Lauki Raita	Gourd Raita
Layered Paneer Butter Masala Biryani	Paneer Butter Masala Biryani
Lebanese Bread (Eggless)	Crispy Lavash
Lebanese Style Riz B Haleeb	Rice Pudding With Pistachios
Lehsun Amla Chutney	Garlic Gooseberry Chutney
Lehsun ki Chutney	Spicy Garlic Chutney
Lemon Juice	Lemon Rasam|Lemon Saaru|Nimbe Saaru
Lemon Rice	Chitranna|Elumichai Sadam|Illuminated plain|pictured
Lentils and Mixed Grains Khichda	Lentils and Mixed Grains Kichada
Lentils Cooked With Vegetables & Raw Papaya	Oriya Special Dalma
Lentils in Tangy Coconut Curry	Masoor Dal Gassi
Lentils with Bottle Gourd & Sundried Lentil Dumplings	Dal Ghiya with Punjabi Wadiyan
Lilva's Vegetable	Lilva Ki Sabzi|Lilve Ki Sabzi
Lime Leaves Pickle	Vepilakatti
Little Millet Pudding	Kootiki|Kutki|Little Millet Payasam|Sama Payasam|Sama Pudding
Long Brinjal In Spicy Coconut	Karnataka Style Badanekayi Palya
Long Brinjal Poriyal Masala	Green Baingan Sabzi
Long Green Chilli And Potato Curry	Mirchi And Aloo Curry
Long Pepper Rasam	Kandathippili Rasam
Lotus Seeds In Curd Gravy	Dahi Wale Makhane
Low Fat Aloo Bonda	Potato Bonda
Lu methi paratha	Aloo Methi Paratha
Lu Potol Post	Aloo Potol Posto
Lu Tomato Key Vegetable	Aloo Tamatar Ki Sabzi|Batata nu Shaak|Potato Vegetable
Lucknowi Murgh Biryani	Awadhi Style Chicken Biryani
Made from Horse Gram	Vegetarian Mexican Chili for Tacos
Made In Kuzhi Paniyaram Pan	Crispy Balak Pagora|Crispy Palak Pakora|Made in the pit paniyaram pan|Spring Onion Pakora
Madhwa Brahmin Style Methi-Chana Dal Sabzi	Menthya Matvadi Palya
Madurai Spicy Tomato Chutney	Thakkali Vengayam Chutney
Maharashtrian Aunty	Maharashtrain Amti
Maharashtrian Black Chickpea Curry	Kala Chana Amti
Maharashtrian Chavali Chi Usal	Black Eyed Peas Curry
Maharashtrian Cucumber Salad	Khamang Kakdi
Maharashtrian Green Moong Bhat	Sprouted Green Moong Pulao
Maharashtrian Prawn Rice	Colombi Rice
Maharashtrian Salad with Raw Mango & Chana Dal	Ambe Dal
Maharashtrian Spiced Chaat	Bhakarwadi Chaat
Maharashtrian Style Colocasia Leaves Curry	Aluchi Bhaji
Maharashtrian Style Dudhi Kajuchi Sonari Amti	Bottle Gourd And Cashew Nut Sabzi
Maharashtrian Style Farasbi Chi Bhaji	Beans Cooked With Peanuts
Maharashtrian Style Fenugreek Leaves Pulao	Saoji Methi Pulao
Maharashtrian Style Lauki Bharta	Doodhibhoplyacha Bharit
Maharashtrian Style Popped Jowar Chivda	Jwarichya Lahyancha Chivda
Maharashtrian Style Red Chilli Chutney	Red Chilli Thecha
Maharashtrian Style Spiced Rice Flour Porridge	Ukadpendi
Maharashtrian Style Spicy Barnyard Millet Pulao	Bhagar
Maharashtrian Style Steamed Carrot Dumplings	Gajar Vadi
Maharashtrian Style Stuffed Bhindi	Bharli Bhendi
Maharashtrian Style Stuffed Brinjals	Bharli Vangi
Maharashtrian Tomato Essence	Maharashtrian Tomato Saar
Maharastrian Kairichi Amti	Raw Mango Curry
Maharastrian Style Bharli Bhindi	Stuffed Bhindi With Coconut
Mahunada Khaja	Rose Cookie
Maida Indian Puri	Manipuri Style Tan Ngang|Refined Flour
Makai Ka Cheela	Delicious Corn Cheela
Makai Wali Bhindi	Corn Okra
Makhana Badam Mixture	Healthy Snack|Trail Mix
Makhana ki Sabzi	Makhane vegetable
Makhana Moongphali Ki Kadhi	Navratri Fasting|Vrat
Making Apple Mash	Mashed Banana Apple
Makki Ka Halwa	Corn Halwa
Makki Ki Puri	complete of Makki
Malabar Kaai Curry With Nenthra Pazham	Malabar Kaai Curry With Nenthrapazham
Malabar Parrot	Kerala Parotta|Kerala Parrot|Malabar Parotta
Malabar Rice Flatbread	Ari Pathiri
Malabar Spinach Fritters	Basella Fritters
Malaysian-Indonesian Chicken Stew	Chicken Rendang
Malnad Special Appe Midi Uppinakayi	Tender Mango Pickle
Malvani crispy lady finger	groundnut lady finger vegetable|Malvani Kurkuri Bhindi|Moongphali Bhindi Sabzi
Malvani Fish Curry	Delicious And Spicy Fish Curry
Malvani Kala Chana Masala	Spicy Kala Chana Curry
Malvani Kurkuri Bhindi	Malvani Kurkiri Bhindi
Malvani Vatli Dal	Grilled lentil
Mamidi Pandu Pulusu	Mango Pulusu
Mamidikaya Pesara Pappu Pachadi	Raw Mango & Dal Chutney
Mangalore Bajji	Goli Baje|shot time
Mangalore Cucumber Palya	Sabzi|Southekayi Palya
Mangalore Cucumber Stir Fry	Coorg Style Bollari Barthad
Mangalore Nurge Gashi	Mangalore Nurge Gashie
Mangalorean Manoli Bheeja Upkari	Ivy Gourd & Cashew Sabzi
Mangalorean Manoli Curry	Indian Gherkins Curry
Mangalorean Style Bhindi Sambar	Bendekayi Koddel|Bolu Huli
Mangalorean Style Mixed Vegetables Sabzi	Mixed Vegetables Ajethna
Mangalorean Style Sajjige Rotti	Rulavachi Bhakri
Mangalorean Style Vaingana Mashinga Sange Sukhe	Brinjal & Cashew Nut Stir Fry|Sukka
Mangalorean Traditional Chicken Curry With Coconut Milk	Kori Gassi
Mango & Drumstick Kootu Curry	Muringakka Manga Mulakushyam
Mango And Yogurt Coconut Fool	Healthy Mango Yogurt Pudding
Mango Curry	Mavinakayi Gojju
Mango Milkshake	Mango Smoothie
Mango Mor Kuzhambu	Mambazha Pulissery
Mango Pudding	Mango Kheer
Mango Rice Pudding	Mango Phirni
Mango Sago Kheer	Sabudana Kheer With Mangoes
Manipuri Style Chak Angouba	Vegetable Pulao
Manipuri Style Kala Chana Sabzi	Chana Kanghou
Marwari Gatte Ki Kadhi	Marwadi Gatte Ki Kadhi|Marwari Gatta Kadhi
Masala Akki Roti With Spinach	sarvapindi
Masala Brown Rice Tawa Pulao	Dhaba Style Tawa Pulao
Masala Huli With Mixed Vegetables	Udupi Style Sambar
Masala Omelette Sliders	High Protein Breakfast
Masala Palak Bhurji (Masala Palak Bhurji)	Masala Palak Bhurji
Masala Paniyaram With Leftover Idli	Dosa Batter
Masala Pickled Onions	Lacha Onion|Lacha Pyaz
Masala Poha	Masala Pohe
Masala Roasted Aloo	Masala Roasted Potato
Masala Roasted Chicken	Murgh Musallam
Masalewali Turai Sabzi	Masalawali Turai Sabzi
Masalewari Chef (Spiced Sindhi Bread)	Masalewari Koki (Spiced Sindhi Roti)
Mash Ki Dal Khasgai (Dhaba Steel Urad Dal)	Maash Ki Dal Khasgi (Dhaba Style Urad Dal)
Mashed Dal Rice	Dal and rice
Mashed Potato In Dry Red Chillies	Manipuri Style Alu Kangmet
Masoor Dal Aur Rajma Masala	Masoor Dal and Rajma Masala
Masoor Dal With Scrambled Eggs	Lentil Curry With Eggs
Matar Aur Chilke Ka Sabzi	Peas and Peel Vegetables
Matar Ki Tehri (Matar Ki Tehri)	Matar Ki Tehri
Matar Millet Pulao	Peas Pulao
Matar Samosa Chaat	Delicious Evening Tea Time Snack
Matte's Pit Paneer Pan	Low Fat Aloo Bonda|Low Pot Alo Ponda|Made In Kuzhi Paniyaram Pan
Mavinakayi Chutney	Mavinakai Chutney
Mc Puffs (With Baked Option)	Calzone|Pocket Pizza
Meethe Chawal	Zarda Pulao
Meghalaya Style Do O Kalai	Chicken With Black Lentils
Menthya Jolada Mudde	Methi & Jowar Balls
Methi & Soya Chunks Dry Sabzi	Methi Soya Chunks Vegetable
Methi Corn Dal Vada	with fenugreek corn flour
Methi Jowar Ragi Thalipeeth	Healthy Diabetic Friendly
Methi Moong Dal	Healthy Diabetic Friendly
Methi Pakoda Kadhi	Punjabi Kadhi Pakora
Methi Sprouts Salad	Healthy & Tasty Diabetic Snack
Mexican Three Milk Cake	Tres Leches
Middle Eastern Semolina Cake	Basbousa
Milagu Keerai Poricha Kootu	Palak And Moong Dal Kootu
Milk pudding	Paal Kozhukattai
Millet Potato Paratha	Bajra Aloo Paratha
Millet Sweet Pudding	Gujarati Style Lapsi
Minced Chicken Flat Bread	Chicken Keema Paratha
Minced Lamb Cutlets In Yogurt Gravy	Kashmiri Style Shami Mutsch
Mini Bread Pizza	Cheesy Canapes
Mini Dal Mature Chat	Mini Dal Pakwan Chaat|That Perfect Party Snack
Mini Dal Samosa Curry	Sabzi
Mint & Coriander Chilli Potato Salad	No Mayo Salad
Mint Curd Rice	Curd Rice With Mint
Mint Flavoured Idli	Pudina Idli
Mint Leaves Rasam	Pudina Rasam
Mishti Aloo Malpua	Shakarkandi Malpua
Mix Vegetable Sabzi	Bengali Style Labra
Mixed Vegetable Corn Pakora	Made In Kuzhi Paniyaram Pan
Mixed Vegetable Curry	Bengali Sukto|Maharashtrian Style Bhogichi Bhaji
Mixed Vegetable Curry With Malabar Spinach	Pui Shaager Chorchori|Pui Shaker Chorchori
Mixed Vegetable Koora	Mixed Vegetable Poriyal
Mixed Vegetable Sagu	Karnataka Style Vegetable Kurma
Mixed Vegetables In Coconut Gravy	Thengai Paal Kurma
Mogre's Sorbet	Fresh Jasmine Drink|Mogre Ka Sharbat
Moolangi Tovve	Moolangi Tavve|Radish Curry
Mooli And Wadi Ki Sabzi	Radish and Wadi vegetable
Mooli Bhurji	Radish Bhurji
Mooli Jowar Ki Roti	Mullangi Kambu Chapathi
Mooli Raita	Radish Raita
Moong Dal & Besan Fried Puri	Chunni Ki Puri
Moong Dal & French Beans Stir Fry	Paasi Paruppu Beans Poriyal
Moong Dal Ghughra (Gujiya	Karanji)
Moong Dal Ke Kebab	Moong Dal Kebab
Moong Dal Pani	Dal Soup For Babies 6 months & above
Moong Dal Potli	With Baked Option
Moong Dal Upma	Hesarukaalu Upittu|Salt
Moong Ki Khichdi	Moong khichdi
Moringa Masoor Dal	Drumstick Leaves Dal
Moth Beans Fritters	Matkiche Vade
Muesli Chia Seeds Kaiser Roll	Hard Roll
Mughlai Aloo Great	Mughlai Aloo Lajawab|Mughlai Aloo Sabzi
Mughlai Style Chicken Curry	Chicken Korma
Mughlai Style Chicken Tangdi Kebab	Kalmi Kabab
Mulakushyam	A Mixed Vegetable Lentil Curry
Multa Black Arabic (Arabic Gravy Steele)	Multani Kaali Arbi (Arbi Gravy Style)
Mung Bean Sprouts Upkari	Moong Bean Sprouts Upkari|Moong Beans Stir Fry|Mung Beans Stir Fry
Munthiri Masala Kurma	Kaju Masala Kurma
Murgh Aloo Tikki	Chicken & Potato Tikki
Murgh Methi Curry	Delicious Methi Chicken Curry
Murmura Jaggery Laddu	Pori Urundai
Murunga Keerai Urula Poriyal	Drumstick Spinach Fry|Moringa Aloe Sabiji|Moringa Aloo Sabzi
Murungai Keera Masala Vada	Murungai Keerai Masala Vadai
Murungai Keerai Paruppu Usili	Drumstick Leaves & Toor Dal|Drumstick Loves & Tour site|Drumstick Spinach Usili
Murungai Keerai Puttu	Drumstick Leaves Puttu
Murungai Keerai Sambar	Drumstick Leaves Sambar
Murungakkai Vendhaya Keerai Sambar -Drumstick & Fenugreek Greens Sambar	Drumstick Fennel Spinach Sambar -Drumstick & Greens Sambar
Mushroom, cheese and soy chunk samosa	Mushroom, Paneer And Soya Chunk Samosa
Mushroom Manchurian	Indian Chinese|Mushroom Chilli
Muttai Parotta ( Ande Ka Paratha	Egg Filled Flat Bread)
Mutton Arbi Curry In Electric Pressure Cooker	Arbi Gosht Masala
Mutton Cut	Mutton Rezala
Mutton In Spicy Tomato Onion Gravy	Lugai Gosht
Mutton KM Samos -Meat Singara	Mutton Keema Samosa -Mangsher Singara
Mutton Kofta Curry	Kashmiri Style Rista
Mutton Kofta in Curd	Kashmiri Style Gushtaba
Mutton Liver Mince	Keema Kaleji
Mysore Masala Dosa Made With Yeast Dosa Batter	Mysore Masala Dosa Made With Ragi Dosa Batter
Mysore Style Spicy Tamarind Rasam	Hunase Saaru
Nagaland Style Pumpkin Ombal	Nagaland Style Pumpkin Oambal
Nagli Rao Upma	Healthy Ragi Rao Upma|Healthy Ragi Rava Upma|Nagli Rava Upma
Nankhatai	A Spiced Eggless Indian Cookie
Nariyal Ki Kheer	Coconut Pudding
Natillas de Leche -Spanish Custard	Custard Milk -Spanish Custard
Nellikai Oorugai	Amla Sambhario|Amla Sambhariyo
Nellor Brinjal Fry	Nellor Kathirikai
Nendra Pazham Pulissery	Ayurvedic
Nenua Chana Sabzi	Chana Turai
Nepali Beans Soup	Kavati
Nimbu Chunda (Lemon Chutney)	No Cook And Oil Free
Nimki Aloo Anardana Curry	Potato And Nimki Curry
Nippattu Masala Chaat	South Indian Style Chaat
No Almond Chana Dal	Almond Chana Dal Ladoo|Almond Pottukathalai No|Badam Pottukadalai Ladoo
No Bake Peanut Butter Granola Bar	No Bake Peanut Butter Granola Bars
No Cook Sweet Mango Yogurt	Instant Bengali Aam Doi
No field beans semolina	Avarakalu Rawa Laddu|Averekaalu Rava Laddu|Field Beans Semolina Ladoo
No Onion No Garlic	Carrot & Capsicum Sabzi|Chinese Bhel|Jeera Hing Aloo|Kashmiri Style Apple Tamatar Sabzi|Paneer in White Gravy|Parwal Masala
No Onion No Garlic Jain Cutlet	Raw Banana Cutlet
No Onion No Garlic Kadamba Sambar Rice	Kovil Sadam|No Onion No Garlic Kadamba Sambar Sadam|Temple Ritual
Non Fried Bottle Gourd Coffee Curry	Dhoodi Kofta|Healthy Lauki Kofta Curry|Non Fried Bottle Gourd Kofta Curry
Nongu Pal	Nongu Paal
Noodles Tossed In Sriracha Sauce	Chicken Mie Goreng
North Arcot Special Greens Rava Puliyodharai	Broken Wheat|Dalia Puliogare|North Arcot Special Godumai Rava Puliyodharai
North Indian Chawli ki Sabzi	Barbati|Karamani|Yard Long Beans
North Indian Feni	North Indian Pheni|Sevaiyan Kheer|Seviyan Kheer
North Indian Matar Pulao	Peas Pulao
North Indian Mixed Vegetables Gravy	Veg Makhanwala
North Indian Rice Pudding	Creamy Phirni
North Indian Savoury Cracker	Traditional Mathri
North Indian Soya Matar Bhurji	Spicy Soya Bhurji
North Kanara Sweet and Sour Raw Mango Chutney	North Kanara Sour Sweet Mango Chutney
Nucchina Unde -Karnataka Style Dal Steamed Pakora	Nuchinunde
Oatmeal & Green Gram Crepes	Oats Pesarattu
Oats Cheela Stuffed With Creamy Palak Paneer	Spinach Paneer Stuffed Oats Chila
Oats Poha Mixture- No Onion No Garlic	Oats Chivda
Oats Sugar Pongal	Oats Sakkarai Pongal
Oats Unni Appam	Nei Appam
Odia Style Fish Curry With Vegetables	Macha Mahura
Odisha Style Aloo Husband -Aloo Mash Sabeeji	Odisha Style Aloo Bharta -Aloo Mash Sabzi
Oil Free Gujarati Undhiyu	No Onion No Garlic
Okra & Minced Meat Curry	Keema Bhindi Masala
Okra and Peanut Stir Fry	Moongphali Bhindi
Okra in Yogurt Curry with Caramelized Onions	Dahi Bhindi
Okra Onion Stir Fry	Bhindi Do Pyaza|Pyaz Wali Bhindi
Olya Kaju Chi Amti	Malvani Cashew Nut Curry
One Pot Chicken Fried Rice	One Pot Chicken Nasi Goreng
One Pot Tomato Rice Using Preethi Electric Pressure Cooker	Thakkali Sadam
Onion & Raw Mango Chutney	Kanda Kairichi Chutney
Onion Bajji -Vengaya Bajji	South Indian Onion Pakora
Onion Kachori	Pyaaz Kachori
Onion Palya	Eerulli Palya|Vengaya Poriyal
Onion Rava Dosa	Spiced Semolina Crepe
Orange Flavoured Rice	Narangi Pulao
Orange Peel Tamarind Based Curry	Orange Peel Kuzhambu
Orange Zested Shortbread Cookie (Egg Free	Eggless)
Orio Paneer Modak	Oreo Paneer Modak
Oriya Style Mixed Vegetables Curry	Oriya Hour Tarkari
Oriya Tea Time Snack	Segdalu
Own Fangrik Layaves Vegetable	Aloo Methi Sabzi|Lu Methi Vegetable|Potato Fenugreek Leaves Sabzi
Paal Kozhukattai With Bananas	With Vegan Option
Paal Payasam	Pudding|Rice Kheer
Pabda Macher Kalo Jeera Diye	Bengali Pabda Fish Curry
Pacha Manga Pachadi	Raw Mango Pachadi
Pachai Sundakkai Puli Kuzhambu (Turkey Berry Tamarind Based Gravy)	Green zucchini tamarind broth (turkey berry yummy pastry)
Pad Kee Mao	Drunken Noodles
Pahari Style Phanu	Delicious Mixed Dal|Pahadi Style Phanu
Pain Viennois	Vienna Bread
Paka Kela Ki Sabzi	Gujarati Jain|Paka Kela nu Shaak
Pakistani Roasted Gosht	Pakistani Bhuna Gosht
Pakistani Style Tinde Ki Tarkari	Apple Gourds Cooked With Tomatoes
Palak Bhajia	Spinach Pakoras
Palak Cauliflower Curry	Hariyali Gobi
Palak Chana Dal	Healthy Spinach Gram Dal
Palak Chicken Curry	Saagwala Chicken
Palak Kadhi	Spinach Kadhi
Palak Khichdi With Brown Rice And Toasted Peanuts	Palak Khichdi
Palak Kichadi	Palak Kichdi
Palak Makki Ki Roti	Spicy Spinach Cornmeal Flatbread )
Palak Mushroom Makhani	Creamy Spinach & Mushroom
Palak Pudina Moth Bean Khichdi	Matki Khichdi
Palakatti Chettinad Curry -Chettinad Style Paneer Kurma	Paalkatti Chettinad Curry -Chettinad Style Paneer Kurma
Palakottai Kujambu -Kongunad Style Jackfruit Seeds Curry	Palakottai Kuzhambu -Kongunad Style Jackfruit Seeds Curry
Pan Fried Bitter Gourd	Karatyacho Fodi
Pan Fried Broccoli Pakora	Cheese Broccoli Fritter
Pan Fried Fritters in Tangy Lentil Curry	Mini Onion Vada With Vengaya Sambar
Pan Fried Momos	Shanghai Style Mantou
Pan Fried Onion Pakora	A Perfect Diwali & Evening Snack
Panasa Pottu Pappu Koora	Jackfruit & Dal Curry|Pineapple Curry
Panchmel Dal	Panchkuti Dal|Rajasthani Dal
Paneer And Almond Milk	Paneer And Badam Milk
Paneer And Grapes Platter	Healthy Party Appetizer
Paneer Bake Pit Paniyaram	Paneer Stuffed Kuzhi Paniyaram
Paneer Bhurji Varpas	Paneer Bhurji Wraps
Paneer Darts Momo	Paneer Tikka Momo
Paneer Flavoured With Garlic	Lahsuni Paneer
Paneer Frankie	Delicious Kid Friendly Snack
Paneer I Pizza	Paneer Naan Pizza
Paneer Kofta Curry -Non Fried	Non Fried|Paneer Kofta Curry
Paneer Kundan Kaliyan	Paneer Kundan With
Paneer Makhana Gulgule Chaat	No Onion No Garlic
Paneer Onion Paratha	Paneer Pyaz Paratha
Paneer Pav Bhaji	Wholesome Weeknight Dinner
Paneer Stuffed Ragi Paratha	High Protein Breakfast
Paneer Sweet Kadla Curry	Sweet & Spicy Kadala Curry
Paneer Tikka Saddle Roll	Paneer Tikka Kathi Roll
Papad Er Dahna	Bengali Papad Curry
Papad er Dalna	Bengali Papad Curry
Papad Ki Sabzi (Papad Ki Sabzi)	Papad Ki Sabzi
Parshe Macher Jhal	Mullet In Mustard Sauce
Parsi Chicken Cutlet	Russian Pattice
Parsi Crispy Fried Chicken	Marghi Na Farcha
Parsi Steel Chas Payelo Sakarkand	Parsi Style Chaas Payelo Sakarkand
Parsi Steel Paneer with Charwell Ed	Sacrambled Eggs with Paneer
Parsi Style Baingan Capsicum Ka Salan	Parsi Brinjal Capsicum Vegetable
Parsi Style Brown Rice	Vagharela Chawal
Parsi Style Rotis	Parsi Rotli
Parsi Vegetable Dal	Parsi Style Vegetable Dhansak
Paruppu Sadam -Baby & Toddler above 10 months	Dal Chawal
Paruppu Thogayal -Tour & Bengal Gram Chutney	Paruppu Thogayal -Toor & Bengal Gram Chutney
Paruppu Urundai Mor Kuzhambu (Lentil Balls in Yogurt Curry)	Lentil Bread Buttermilk (Lentil Piles in Yogurt Surri)
Paruppu Urundai Rasam	Dal Dumpling Rasam
Pasta In Pudina Chutney Sauce	Mint Chutney Pasta
Pata Gobi Aur Kele Kofta Curry	No onion No Garlic
Pathrode -Colocasia Leaves Snack	Konkani Style Pathravade
Patta Gobi Sabzi	Cabbage Tomato Sabzi
Paya Curry	Lamb Trotters
PC Board GT Pasta	Cheesy Baked Ziti Pasta
Peach Yogurt Smoothie	Peach Lassi
Peanut Banana Tiger Coconut Broth	Kondakadalai Vazhathandu Puli Thengai Kuzhambu
Peanut Saffron Barfi	Peanut Kesar Burfi
Peas In Onion Tomato Gravy	Matar Masala
Pepper Cashew Gravy	Mushroom Baby Corn Kaalimirri
Perfect Drink For A Rainy Day or Winters	Spicy Hot Chocolate
Persian Date Nut Filled Cookies	Gluten-Free Koloocheh
Persian Saffron Rice Pudding	Sholeh Zard
Peter's Vegetable	Pitor Ki Sabzi
Phalsa Ka Sharbat	Falsa|Indian Berry Juice
Phool Makhana Kheer	Sweetened With Jaggery
Phul Gobi Ka Thoran	Kerala Style Cauliflower
Pick Up Banana (Vegan Fried Banana Balls)	Cekodok|Jemput-Jemput Pisang (Vegan Fried Banana Balls)
Pineapple Kesari Bhath	Sweet Semolina Pudding
Pineapple Paneer Darts	Pineapple Paneer Tikka
Pirandai Oorugai	Pirandai Pickle
Pizza Topped With Cheese And Tomato Sauce	Classic Pizza Margherita
Poha Dosa (Savory Flattened Rice Crepe)	Aval Dosa
Poha Pudding With Nolen Gur	Bengali Chirer Payesh
Pomegranate Chicken In Yogurt Gravy	Murg Anardana
Poppy seed Payasam	Karnataka Style Gasagase Payasa
Porridge Bread	Khichdi Roti
Postal Millet Lemon Rice -Lemon Honey	Foxtail Millet Lemon Rice -Elumichai Thenai
Postal Millet Salt Pudding	Foxtail Millet Uppu Kozhukattai
Potato & Beans Stir Fry	Aloo Beans Sabzi
Potato And Cauliflower Dry Curry	Aloo Gobi Sabzi
Potato & Fenugreek Leaves Gravy	Aloo Methi Masala
Potato Bodi Fry (Spicy Potato Sabiji Prem Tamil Nadu)	Urulaikizhangu Podi Poriyal (Spicy Potato Sabzi from Tamil Nadu)
Potato Paneer Curry Without Onion And Garlic	Fasting Potato Paneer
Potato Sagu For Rava Idli	Potato Saagu For Rava Idli
Potato Stir Fry	Bangaladumpa Thalimpu
Potatoes In A Spicy North Indian Gravy	Dubki Wale Aloo
Potatoes In Spicy Pickle Masala	Achari Aloo Sabzi
Potatoes In Spinach Mint Curry	Hariyali Dum Aloo
Potlankaya Perugu Pachhadi (Curd & Sunke Gourad Chutney)	Potlakaya Perugu Pachadi (Curd and Snake Gourd Chutney)
(Poultry & Vegetable Hunter's Stew)	Delicious Italian Chicken Cacciatore with Mushrooms & Olives
Prawn Mango Curry In Mustard Sauce	Bengali Aam Chingri
Prawn Masala Kozhukattai	Prawn Masala Dumplings
Probiotic Drink Made From Carrots & Beetroot	Kanji
Protein Rich Paneer And Horse Gram Soup	Kollu|Kulith Soup
Provencal Onion Tart	Pissaladiere
Pudalangai Priya	Pudalangai Poriyal
Pudina Dahi Chutney	Mint Yoghurt Dip
Pudina Mavinakayi Chutney	Mint Mango Chutney
Pudina Pyaz Kachumber Salad	Mint & Onion Salad|Mint Onion Kachumber Salad
Pudina Semiya Upma	Pudina Shavige
Puffed Banana Puris	Mangalore Buns
Puffed Lotus Seed Pakoras	Makhana Pakora
Puffed Paddy Fryums	Karnataka Style Aralu Sandige
Puffed Rice Upma	Murmura Upma|Uggani
Pulao Spiced With Saffron, Whole Spices & Nuts	Kashmiri Pulao
Puliyogare (using Millets)	Poliyodharai|Puliyodharai
Pumpkin Sabzi With Panch Phoron Masala	Pumpkin Sabzi
Pumpkin Spice Curry	Andhra Style Pumpkin Curry|Andhra Style Sorakaya Curry|Sorakaya Masala Curry
Pumpkin Vegetable with Panchh Phon Masala	Pumpkin Sabzi with Panch Phoron Masala
Punjabi Black Chickpea Curry	Kale Chane Ki Sabzi
Punjabi Chole Masala	Traditional Amritsari Chole
Punjabi Kadhi Pakora	Delicious Punjabi Kadhi
Punjabi Masala Lobia Vegetable	Black Eyed Peas Masala
Punjabi Mooli Ki Bhurji	Punjabi radish bhurji
Punjabi Murgh Tariwala	Chicken Tariwala
Punjabi Steel Bundi Kadhi	Punjabi Style Boondi Kadhi
Punjabi Style Black Urad Dal	Maa Ki Dal
Puppet's Yamarinta Crovy	Appalam Vatha Kuzhambu|Papad In Tamarind Gravy|Waffle Broth
Puri Flavoured With Carom Seeds	Ajwain Puri
Puri for Pani Puri -Golgappa	Golagappa|Puchka Puri|Puri For Pani Puri
Purple Cabbage Poriyal	Muttaikose Poriyal|Red Cabbage Sabzi
Purple Yam Pakora	Fritters|Ratalu Pakora
Pyaaz Ki Sabzi	Onion Vegetable
Pyaz Ka Raita	Onion Raita
Quick Dessert with Whipped Cream & Fresh Berries	Blueberry Fool
Quick Honeyed Paneer	Honey Paneer
Radish Paratha (Radish Paratha)	Muli Paratha (Radish Paratha)
Radish Stir Fry With Coconut	Mulangi Thoran
Ragi Appam	A Healthy Twist To The Classic Kerala Appam
Ragi Jowar Bajra Wheat Phulka	Mixed Millet Phulka
Ragi Laddu	Nagli
Ragi Nippattu With Peanuts And Sesame	Chekkalu|Ragi Thattai
Ragi Oatmeal Kanji	Healthy Diabetic Porridge
Ragi Onion Uttapam	Wholesome Breakfast
Ragi Or Finger Millet Powder	Malt for Babies 6 Months & Above
Ragi Pachchai Maa Puli Upma	Puli Upma in Ragi Pachai|Ragi Flour Upma|Ragi Flower Upma
Ragi Semiya Upma	Ragi Millet Vermicelli Breakfast
Ragi Vermicelli	Semiya
Rajasthani Badi Ki Vegetable	Rajasthani Badi Ki Sabzi
Rajasthani Bajre Ki Khatti Raabdi	Rajasthani Bajre Khatti Rabri
Rajasthani Chawle Wale Dhokle	Rajasthani Chawla Dhokla
Rajasthani Curry with Corn Papad	Rabodi capsicum vegetable
Rajasthani Dal Bati Churma	Dhaba Style
Rajasthani Dal Muthia	Rajasthani Dal Muthiya
Rajasthani Gunde Ka Achaar (Bird Lime Pickle)	Rajasthani Gunday Pickle (Bird Lime Pickle)
Rajasthani Gunde Ki Sabzi (Bird Lime Stir Fry)	Rajasthani Goonde Vegetable (Bird Lime Stir Fry)
Rajasthani Hare Chane Ka Halwa	Rajasthani Hare Chana Halwa
Rajasthani Hare Chane Ka Halwa (Choliya Halwa)	Rajasthani Hare Chana Halwa (Cholia Halwa)
Rajasthani Kachri Ki Chutney	Rajasthani Kachri Chutney
Rajasthani Kachri Puli Vegetable	Wild Cucumber and Beans Vegetable
Rajasthani Kalmi Vada	Chana Dal Vada
Rajasthani Mirchi Bada	Chilli Fritters
Rajasthani Pyaaz Ki Kadhi	Onion Kadhi
Rajasthani Seeds Fenugreek & Papad K Sag	Rajasthani Dana Methi & Papad Ka Saag
Rajasthani Steel Fish in Creamy Gravy	Fish Jaismandi|Maachli Jaisamandi|Rajasthani Style Fish In Creamy Gravy
Rajasthani Steel White Mass	Rajasthani Style Safed Maas
Rajasthani Style Sukhe Gatte Capsicum Ki Sabzi	Rajasthani Style Dried Gatta Capsicum Vegetable
Rajasthani very roti	Rajasthani Khooba Roti
Rajma Aloo Cutlet (Tikki	Patty)
Ratalu Ki Chutney	Yam Chutney
Rava Ladoo	Sooji Laddu
Raw Banana Bajji	Balekai Bajji|Vazhakkai Bajji
Raw Banana Dry Sabzi	Andhra Style Aratikaya Vepudu
Raw Banana Green Peas Stir Fry	Kela Matar ki Sabzi
Raw Banana Roast	Vazhakkai Varuval
Raw banana Roast With Pepper	Vazhakkai Poriyal
Raw Banana Stir Fry	Aratikaya Masala Pulusu
Raw Jackfruit & Black Chickpea Stir Fry	Kodava Mudi Chekke Barthad|Short Knot Husband
Raw Jackfruit Biryani	Kathal Biryani
Raw Jackfruit Biryani Topped with Caramelised Onions	Kathal Biryani
Raw Jackfruit Kofta Curry	Kathal Kofta Curry
Raw Mango Chutney	Karnataka Style Mangrasa
Raw Mango Coconut Curry	Mavinakayi Menasinakai Curry
Raw Mango Cucumber Salad	Raw Mango and Cucumber Salad
Raw Mango Dal	Andhra Pappu|Mamidikaya Pappu
Raw Mango Rasam	Manga Rasam
Raw Mango Til Chutney	Mamidikaya Nuvvula Pachadi
Rayalaseema Steel Borugula Upma	Rayalseema Style Borugula Upma
Red Amarnath With Tour Dal	Lentil Spinach|Paruppu Keerai Masiyal|Red Amaranth With Toor Dal
Red Bell Pepper Chutney	Red Capsicum Chutney
Red Bell Pepper Stir Fry	Red Capsicum Poriyal
Red Chilli and Tomato Khichdi	Red Chilli and Tomato Pachadi
Red Kidney Beans Soup	Mexican Style Sopa De Frijol
Red Rice Dosa (Red Rice Dosa)	Red Rice Dosa
Red Rice Poha With Cashew Nuts	Karwar Style Phodni Phov
Red Spicy Salsa	Red Picante Salsa
Red Wine Sauce Over Baked Sole Fish	Red Wine Sauce Over Baked Sol Fish
Restaurant Style Hara Bhara Kebab	Vegetarian Green Patties
Restaurant Style Phool Cabbage Masala	Restaurant Style Phool Gobhi Masala
Retired Pappu Charu (Lemon Infused Indian Lentil Soup)	Moong Dal Rasam|Pesara Pappu Charu (Lemon Infused Indian Lentil Soup)
Rice and Black Split Gram Fried Dumpling	Karwar Style Yerappe Ani
Rice Dumplings In Chicken Stew	Malabar Style Kozhi Pidi
Rice Dumplings In Sweetened Milk	Khira Gaintha
Rice Flavoured With Chutney Podi	Chutney Podi Sadam
Rice Flour And Buttermilk Porridge	Maharashtrian Tandalachi Ukad|Maharashtrian Tandulachi Ukad
Rice Flour Crepes	Maharashtrian Ghavan
Rice Flour Porridge In Tamarind	Puli Koozh
Rice Pudding (Bengali Style Rice Pudding)	Chaler Payesh (Bengali Style Rice Pudding)
Rice Pudding with Rock Candy	Kalkandu (Kallusakkare) Pongal
Rich Sweet Assorted Vegetable Curry	Parsi Style Lagan Sara Istew
ridge gourd chutney	Turkey chutney
Ridge Gourd Pachadi	Ridge Gourd Chutney
Ringan Methi Nu Shaak	Gujarati Style Eggplant & Fenugreek Leaves Sabzi
Ripe Mango Curry	Mangalorean Style Ambe Upkari
Ripe Mango Mor Kuzhambu	Mambazha Mor Kuzhambu
Ripe Mango Pachadi	Ripe Mambazha Curry
Ripe Mango Ras	Aamras
Rise and Ridge Kerat Burji	Cantaloupe Egg Fry|Egg And Ridge Gourd Burji|Peerkangai Muttai Poriyal
Roasted Okra In Yogurt Curry	Punjabi Bhindi Kadhi
Roasted Pumpkin Rava Dhokla	Sooji Dhokla
Roasted Red Bell Pepper & Walnut Dip	Muhammara
Roll With Spiced Cheese Spread	Roasted Potato Wrap
Rose Flavoured Golden Almond Milk	Badam Doodh
Rose Infused Turkish Rice Pudding	Sutlac
Roz Gulkand Firni	Rose Gulkand Phirni
Roz Ka Khana With Figaro Olive Oil	Aloo Chaat With Baked Beans|Besan Aur Pyaz Ka Cheela|Red Bean Mexican Burrito Bowl|Schezwan Style Chinese Veg Samosa|Warm Roasted Beet Salad
Sabbakki Rava Idli	Sabudana Rava Idli
Sabsige Soppina Idli (Dill Leaves Idli)	Dill Idle (Dill Leaves Idli)
Sabudana Sandige	Sabudana Vadam
Safed Murgh Handi	Chicken In White Gravy
Saffron Cream Milk	Kesar Malai Doodh
Saffron Peda	Kesar Peda
Saffron Pistachio Firni	Kesar Pista Phirni
Sali Par Eedu	Parsi Breakfast Eggs On Fried Potato
Salt Bell Pudding	Kara BT Pudding|Kara Pidi Kozhukattai|Uppu Mani Kozhukattai
Sambar With Fresh Ground Spices	Arachuvitta Sambar
Sapota Puree For Babies And Toddlers	Chickoo
Sarson Ka Saag	Classic North Indian Saag
Sattu's Salted Sorbet	Sattu Ka Namkeen Sharbat
Satvik Carrot Sprouts Salad	No Onion No Garlic
Saunf Wale Aloo Baingan	Fennel Spiced Potato And Eggplant
Saunf Wali Hari Gobi Sabzi	Cauliflower Spiced with Fennel and Green Chutney
Sauteed Tofu & Green Beans Stir Fry With Garlic	Tripura Style Kosoi Bwtwi
Savory Cornmeal Porridge	Creamy Polenta
Savory Gram Flour Pinwheels With Spinach	Spinach Khandvi
Savory Green Mung Bean Pancakes	Green Moong Dal Cheela
Savory Melon Salad	Spiced with Ginger & Mint
Savory Oatmeal Breakfast Crepes	Oatmeal Dosa|Savoury Oatmeal Breakfast Crepes
Savory Rice & Lentil Cake	Mixed Vegetable Handvo
Savoury Steamed Corn Cake	Makai Dhokla
Seer Fish In Spicy Masala	Neymeen Vatti Pattichathu
Semi Sweet Rice & Dal Printers	Semi Sweet Rice & Dal Fritters|Tamil Nadu Style Vellai Paniyaram|Tamil Nadu Style White Paniyaram
Semia Pudding	Semiya Payasam|Vermicelli Kheer
Semma Rice Coconut Milk Sauce	Chemba Arisi Thengai Paal Payasam|Red Rice Payasam|Red Rice Sauce
Semolina Bread Toast	Rock Toast
Senai Pachadi (Elephant or Raita)	Senai Pachadi (Elephant Yam Raita)
Senai Potato Fry -Yam Fry	Senai Kizhangu Poriyal -Yam Poriyal
Seppankizhangu Roast (South Indian Style Arbi Fry)	Seppakizhangu Roast (South Indian Style Arbi Fry)
Sesame Kameer Good Ride (Orange Khair)	Assamese Komolar Kheer (Orange Kheer)
Sesame, Peanuts And Ivy Gourd Stir Fry	Til Moongphali Aur Kundru Sabzi
Sesame Sandwich Bun	Mexican Style Cemita
Sesame Seeds Chutney	Ellu Chutney
Sesame Seeds Kuzhambu	Ellu Kuzhambu
Sev Puri (Papdi Chaat)	Indian Street Food Evening Snack
Sev Tamatar Ki Sabzi	Gujarati Style Save Tomato Vegetable
Seviyan or Vermicelli Kheer Pudding	Sheer Khurma
Shahi Bhindi In Cashew Nut Gravy	Cashew Nut Gravy|Okras in Cashew Nut Curry|Shahi Bhindi
Shahi Egg Curry In Tomato & Cashew Gravy	Shahi Egg Curry|Tomato & Cashew Gravy
Shakkarkandi ke Laddu	Sweet Potato Laddu
Shallow Fried Cluster Fig	Gular Ki Sabzi
Shallow Fried Eggplant With Semolina	Konkani Style Vaingana Kaap
Shepuchi Bhaji (Stir Fried Maharashtrian Suva	Dill Greens)
Sicilian Watermelon Pudding With Cinnamon Twist	Gelo Di Melone
Simla Mirch Patta Gobi Sabzi	Cabbage Capsicum Sabzi
Sindhi Deep Fried Yam	Jimikand|Suran Ja Tuk
Sindhi Dharan Ji Kadhi	Besan Tikkis In Tomato Gravy
Sindhi Mutton Keema Balls In Gravy	Keeme Ja Bhalla
Sindhi Sai Bhaji	Wholesome Sindhi Dal With Vegetables
Sindhi Seven Vegetable Sabzi No Onion No Garlic	Satsaagi
Sindhi Seviyan Kheer	Sindhi Kheerni
Sindhi Style Bitter Gourd Sabzi	Sindhi Karela Bhaji
Sindhi Style Browned Rice Pulao	Sindhi Bhuga Chawal
Sindhi Style Double Baked Crispy Potatoes	Aloo Took
Sindhi Style Lotus Stem Spinach Brinjal Sabzi	Bhey Vangan Saag
Sindhi Style Sweet Rice	Sindhi Tahiri
Sindhi Toor Dal With Aam Papad	Aam Papad Dal
Singhade Ka Achar (Water Chestnut Pickle)	Singhade Ka Achaar (Water Chestnut Pickle)
Singhara Ato Chill	Singhara Atta Cheela
Singhare Atte Ka Halwa	Sheera
Slow Cooked Chicken Legs	Kolkata Chicken Chaap
Slow Cooked Lamb Chops	Mutton Chaap
Slow Cooked Mutton Curry	Dum Pukht Gosht
Smoked Roasted Eggplant with Green Chillies and Ginger	Baingan Bharta
Smoked Tandoori Chicken	Classic North Indian Chicken
Snake Gourd Porial	Pudalangai Poriyal|Pudlangai Porial|Snake Gourd Poriyal
Sobji Diye Bhaja Muger Dal	Bengali Style Mong Dal With Binta Vegetables|Bengali Style Moong Dal with Winter Vegetables|Vegetable Fried Mug Pulses
Sooji Manpasand Burfi	Semolina Coconut Fudge
Sorakkai Kozhukattai Paal Kuzhambu	Bottle Gourd Curry
Sour Mint Potato	Tangy Mint Potatoes
Sour Sweet Petha (Yellow Pumpkin Vegetable)	Khatta Meetha Petha (Yellow Pumpkin Sabzi)
South Canara Raw Mango Chutney	Mavinakayi Chutney
South Indian Bajji	Onion Bajji|Potato Bajji|Raw Banana Bajji
South Indian Broccoli And Potato Stir Fry	Broccoli And Aloo Poriyal
South Indian Carrot Poriyal	Carrot Poriyal
South Indian Egg Curry	Muttai Kuzhambu
South Indian Fish Fry	Konkani Style Pomfret Fry
South Indian Mangai Sambar	Raw Mango Sambar
South Indian Mutton Curry	Halli Style Mutton Saaru
South Indian Papad Curry	Appalam Vathal Kuzhambu
South Indian Pepper Cumin Rasam	Jeera Milagu Rasam
South Indian Poli with Coconut (Obbattu	Bobbattu)
South Indian Pumpkin Sabzi	Pumpkin Thoran
South Indian Raw Jackfruit Stir Fry	Raw Jackfruit Poriyal
South Indian Sambar Rice	Sambar Rice
South Indian Snack	Chakli|Mullu Murukku|Thenkuzhal Murukku
South Indian Spicy Roasted Yam	Kalyana Veetu Senai Curry
South Indian Style Brinjal Stir Fry With Garlic	Kathirikai Poondu Pirattal
South Indian Style Chakli	Pepper Murukku
South Indian Style Cluster Beans Sabzi	Kothavarangai Poriyal
South Indian Style Cucumber Salad	Vellarikka Kosumalli
South Indian Style Lentil and Potato Stew	Kumbakonam Kadappa
South Indian Style Milk Kesari	Paal Kesari
South Indian Style Murungakkai Poriyal	Drumstick Stir Fry
South Indian Style Poha	Aval Upma
South Indian Style Radish Greens Stir Fry	Serial of radish leaves
South Indian Style Radish Stir Fry	Mullangi Poriyal
South Indian Style Sorakkai Kootu	Bottle Gourd Cooked with Lentils
South Indian Style Stir Fried Rice	Carrots Dill and Peanut Sadam
South Indian Style Tangy Okra	Bhindi Huli
South Indian Style Til Pulao	Ellu Sadam
South Indian Sun Dried Chillies	Mor Milagai
South Indian Tangy Spinach and Zucchini Chutney	Zucchini Keerai Thogayal
South Indian Tea Time Snack	Ribbon Pakoda
South Indian Tomato Rasam	Thakkali Rasam
Southekayi kadubu (Steamed Cucumber Dumplings)	Mangalore Style Southe Gatti
Soya Granule Samosa	Perfect Evening Snack
Soya Keema Masala	Soya Kheema Masala
Soya Pilaf	Pulav
Soya Spinach Curry	Soya And Spinach Curry
Spaghetti Arrabiata Pasta	Spicy Italian Pasta
Spaghetti Tomato (Pasta in Tomato Basil Sauce)	Spaghetti Pomodoro (Pasta in Tomato Basil Sauce)
Speci Andhra Horse Gram Rasam	Spicy Andhra Horse Gram Rasam|Ulava Charu|Ulva Charu
Spiced & Mashed Bottled Gourd	Lauki Bharta
Spiced & Mashed Potatoes With Mustard Oil	Bihari Style Aloo Ka Chokha
Spiced Avocado Soup	Guacamole Soup
Spiced Beetroot Buttermilk	Beetroot Chas
Spiced Cucumber Flat Bread	Maharashtrian Kakdi Thalipeeth
Spiced Ghee Rice	Neychoru
Spiced Kidney Bean Rice	Spiced Rajma Pulao
Spiced Pineapple Salad with Ginger & Mint	Pineapple Carpaccio
Spiced Raw Mango Tempered Rice	Mavinakayi Chitranna
Spiced Sesame And Coconut Ladoos	Gujarati Kachariyu
Spiced Split Black Lentil Pooris	Bedmi Poori
Spiced Whole Roasted Cauliflower Masala	Whole Masala Gobhi
Spicy & Delicious Ginger Chutney	Inji Thogayal
Spicy & Tangy Green Peas Chaat	Delhi Style Matar Chaat
Spicy & Tangy Karela In Tamarind Gravy	Pavakka Theeyal
Spicy & Tangy Palakkad Poriyal	Pulikuthi Upperi
Spicy & Tangy Tomato Gravy	Thakkali Curry|Thakkali Gotsu
Spicy & Tangy Yam Curry	Senai Kizhangu Gotsu
Spicy & Tonji Eggplant Juice	Kongunadu Cucumber Juice|Kongunadu Kathirikai Rasam|Spicy & Tangy Eggplant Rasam
Spicy Chana Biryani	Chole Biryani
Spicy Chettinad Style Yum Stir Pre	Senai Kizhangu Varuval|Senai Potato Curry|Spicy Chettinad Style Yam Stir Fry
Spicy Chicken Stew	Mizoram Style Arsa Beipenek
Spicy Chickpea Pulao	Chana Pulao
Spicy Chickpeas in Coconut Curry	Kerala Kadala Curry
Spicy Chilli Powder Pancake	Milagai Podi Uthappam
Spicy Colocasia Stir Fry	Besan Arbi Roast
Spicy Cottage Cheese Dosa	Paneer Chilli Dosa
Spicy Curd With Onions	Spiced Curd With Onions|Spicy Curd
Spicy Dalia Pulao	Broken Wheat Pulao
Spicy Dry Bottle Gourd	Tamil Nadu Style Sorkai Porial
Spicy Egg Curry Made In Paniyaram Pan	Paniyaram Muttai Masala
Spicy Goan Mushroom	Spicy Goan Style Mushrooms
Spicy Horse Gram Flour Dumplings	Maharashtrian Kulith Shengole
Spicy Indian Cauliflower Stir Fry	Achari Aloo Gobi
Spicy Lentils with Roasted Eggplant	Dal Vangi
Spicy Mexican Salsa	Tomato Salsa
Spicy Mexican Salsa Verde	Green Tomato Salsa
Spicy Mixed Vegetables Rice Cutlet	Mixed Vegetable Rice Cutlet
Spicy Moth Sprouted Salad	Matki Chi Usal
Spicy Mutton Curry	Bengali Style Kosha Mangsho
Spicy Mutton Gravy	Attirachi Kuzhambu
Spicy Okra Curry	Mughlai Bhindi
Spicy Paneer Bhurji Pav Sandwich	Breakfast
Spicy Peanut Butter	Masala Ulundu Vadai
Spicy Raw Mango Pickle	Andhra Avakaya
Spicy Red Roselle Leaves Rice	Andhra Gongura Pulihora|Gongura Puliyodarai|Gongura Puliyodharai
Spicy Rice Flour Flatbread	Masala Akki Roti
Spicy Ridge Gourd in Coconut Curry	Ridge Gourd Tambli
Spicy Scotched Egg Curry	Nargisi Kofta Curry
Spicy Scrambled Tofu	Tofu Bhurji
Spicy Seasoned Curd Rice	Thalicha Thayir Sadam
Spicy Sprouted Lentil Curry	Sprouted Moong Dal
Spicy Sweet Corn & Oat Fritters	Corn Masala Vada
Spicy Sweet Potato Roast	Sakkaravalli Kizhangu Poriyal
Spicy Sweet Potato Sabzi	Bihari Shakarkand Bhujia|Bihari Shakarkand Bhujiya
Spicy Tangy Yam	Himachal Style Khatta Jimikand
Spicy Tapioca Fritters	Healthy Maravalli Kizhangu Bonda
Spicy Tomato Rice	Tomato Pulihora
Spicy Tossed Black Eyed Beans )	Karamani Sundal
Spicy Urad Dal Flavored Rice (For Prashad & Naivedyam)	Spicy Urad Dal flavoured Rice (for Prashad & Naivedyam)|Ulundagorai|Ulundogorai
Spicy Vegetable Rice with Goda Masala	Maharashtrian Masale Baath
Spicy Yogurt Chapati	Roti
Spicy Yogurt Salad with Radish	Radish Raita|Spiced Yogurt Salad with Radish
Spiked Green Moong Dal Khichdi	Shahjahani Khichdi|Spiced Green Moong Dal Khichdi
Spiked Onion Casserole	Onion Casserole|Pyaz Pulao|Spiced Onion Pulao
Spinach And Green Peas Curry	Palak Matar
Spinach and Moong Dal Pakodas	Palak And Moong Dal Pakodas
Spinach Coriander Dosa	Spinach and Coriander Dosa
Spinach Mushroom Stir Fry	Spinach Mushroom Fry
Spinach Rice	Palak Pulao
Spinach Stir Fry	Andhra Style Palakaru Vepadu|Andhra Style Palakura Vepudu
Spinach Wada (Spinach & Women's Gram Printers)	Keerai Vadai (Spinach & Bengal Gram Fritters)
Spinach Yogurt Salad	Spinach Raita
Spring Onion Curry	Ullikadala Pulusu
Sprouted Green Gram Kosambari	With Pomegranates
Sprouted Horse Gram Thoran	No Onion No Garlic
Sprouted Matki Cheela With Palak -Moth Beans Cheela	Moth Bean Chila|Sprouted Matki Chila with Spinach
Sprouted Moong And Onion Pakora	Sprouted Moong and Onion Pakoras
Sri Lankan Chicken Curry	Kukul Mas Curry
Sri Lankan Egg Bread	Sri Lankan Muttai Appam
Sri Lankan Jack Fruit Curry With Pol Sambol	Ambul Polos Curry
Sri Lankan Pumpkin Curry	No Oil
Sriracha Flavoured Middle Eastern Dip	Sriracha Hummus
Star Trek Curry (Parsi Steel Vegetable Curry)	Tarkari Ni Kari (Parsi Style Vegetable Curry)
Steam Hilsa (SateAmed Hilsa)	Bhapa Ilish (Steamed Hilsa)
Steamed Carrot Stir Fry	Carrot Poriyal
Steamed Chicken Dumplings	Chicken Dimsums
Steamed Colostrum Milk Pudding	Seem Paal
Steamed Egg Pudding With Jaggery	Watalappan
Steamed Lentils Crumbled With Carrots	Carrot Paruppu Usili
Steamed Mini Rice Balls in Chicken Gravy	Kakka Orotti
Steamed Rice	Rice
Steamed Rice and Lentil Cake	Homemade Soft Idli
Steamed Rice Coconut Cake	Kodava Thalia Puttu
Steamed rice dumpling in Onion Gravy	Mangalorean Style Masala Pundi
Steamed Rice Flour Savory Donuts	Gujarati Khichu
Steamed Semolina Cake With Oats & Mint Leaves	Pudina Sooji & Oats Dhokla
Stewed Dal Coconut Milk Payasam	Lentil Sauce|Paruppu Payasam|Stewed Coconut Milk Sauce
Stir Fried Green Amaranth Leaves	Bengali Style Shak Bhaja
Stir Fried Lotus Stem	Himachali Bhey
Stuffed Bitter Gourd	Healthy Bharwa Karela
Stuffed Bitter Gourd In Yogurt Gravy	Awadhi Style Karela Ka Dulma
Stuffed Jackfruit Curry (Stuffed Jackfruit Curry)	Stuffed Jackfruit Curry
Stuffed Karela Masala Gravy	Bharwa Karela Makhani|Stuffed Butter|Stuffed Spice Gravy
Stuffed Radish Paneer Paratha	Stuffed Mooli Paneer Paratha
Sugarpare (Shankarpali)	Shakkarpara (Shankarpali)
Sukh Lu Matar Methi Vegetable	Sookha Aloo Matar Methi Sabzi
Sukha Bhel With Boiled Peanuts	Peanut Bhel Chaat
Sundakkai and Methi Leaves Sambar	Sundkai Methi Sambar
Sundried Lentil Dumpling Crumble	Oriya Badi Chura
Sunny Side Up	Fried Egg
Suran Ki Sabzi	Jimikand Masala Sabzi|Jimikand Masala Vegetable
Suran Kofta Curry	Yam Kofta Curry
Suran Moongphali Curry (Yam	Jimikand Curry with Peanuts)
Surri left behind by Amarnath Greens	Amaranth Greens in Tangy Curry|Stem Lettuce Tamarind Broth|Thandu Keerai Puli Kuzhambu
Sweet And Sour Cumin Water	Jal Jeera
Sweet & Sour Pineapple Drink	Pineapple Jal Jeera
Sweet & Spicy Bottle Gourd Dal	Khatti Meethi Lauki Dal
Sweet & Spicy Totapuri Mango Chutney	Totapuri Mango Chutney
Sweet Banana Halwa	Banana Sheera|Pudding
Sweet Boondi	Meethi Boondi
Sweet Corn Spring Onion Momo	Sweet Corn Dumplings
Sweet Flat Bread	Awadhi Style Sheermal
Sweet Flattened Rice Payasam	Aval Payasam
Sweet Gum Tree Almond Drink	Goondh Paani
Sweet Indian Doughnut	Badusha|Balushahi
Sweet Japanese Dumplings	Mochiko Dango
Sweet Lime Soda (Sweet Lime Soda)	Sweet Lime Soda
Sweet Mango Yogurt Dip Taco	Mango Shrikhand Taco
Sweet Own & Fangrik Layaves Vegetable	Fenugreek Vegetable Lu Vegetable|Methi Shakarkand Aloo Sabzi|Sweet Potato & Fenugreek Leaves Sabzi
Sweet Peas Porridge	Confirmation site Borridge|Sweet Ulundhu Kanji|Urad Dal Porridge
Sweet Potato & Rosemary Crisps	Chips
Sweet Potato Flatbread	Sweet Potato Chapati
Sweet Pretzels	Bhonge Ladoo
Sweet Puffy Wheat Dumpling	Poppetjes
Sweet Rice Dumplings	Assamese Style Mohura Pitha
Sweet Spiced Stuffed Paratha With Jaggery	Gujarati & Maharastrian|Puran Poli
Sweet Tangy Bitter Gourd Sabzi	Karwar Style Karatya Kismore
Sweet Yeast Malt	Healthy Ragi Kanji|Healthy Yeast Kanji|Porridge|Sweet Ragi Malt
Sweetened Coconut Fritter	Narikol Pitha
Sweetened Coconut Stuffed Semolina Dumplings	Suji Manda Pitha
Sweetened Gujarati Broken Wheat	Lapsi
Sweetened Poha Energy Balls	Atukula Ladoo
Taiwanese Pineapple Cake	Shortcrust Pastry Cake
Tallyanche Suke	Sardine Dry
Tamarind and Ginger Chutney	Puli Inji
Tamarind & Reese Rao Upma	Puli Upma|Tamarind & Rice Rava Upma
Tamatar Pyaz Ki Sabzi -Tomato Onion Sabzi	Tomato Onion Vegetable
Tamil Nadu Raw Mango Pachadi	Pacha Manga Pachadi
Tamil Nadu Style Broccoli Poriyal	Broccoli Stir Fry
Tamil Nadu Style Coconut Chutney	For Idli And Dosa
Tamil Nadu Style Coffee and Beef Stir Fry	Cabbage Pea Fry|Muttaikose Pattani Poriyal|Tamil Nadu Style Cabbage And Peas Stir Fry
Tamil Nadu Style Dry Banana Stem Fry	Vazha Thandu Poriyal
Tamil Nadu Style Grinded Rasam	Tamil Nadu Style Arachuvitta Rasam
Tamil Nadu Style Ivy Gourd Stir Fry	Kovakkai Podi Curry
Tamil Nadu Style Kothamali Aval Upma	Coriander Poha
Tamil Nadu Style Lauki Curry	Sorakkai Paruppu Kuzhambu
Tamil Nadu Style Okra Stir Fry	Vendakkai Varuval
Tamil Nadu Style Pala Kottai Sambar	Mangalore Cucumber & Jackfruit Seed Sambar
Tamil Nadu Style Pulses Broth	Black Lentil Curry|Fruit Lentil Surri|Tamil Nadu Style Ulundhu Kuzhambu
Tamil Nadu Style Raw Manga Thokku	Raw Mango Thokku
Tamil Nadu Style Vengaya Sambar	Pearl Onion Sambar
Tamilnadu Style Garlic and Black Pepper Curry	Poondu Milagu Kuzhambu
Tamter Wangun	Shape
Tandoori Aloo Gobi Kathi Roll	Spicy Aloo Gobi Frankie
Tandoori Paneer Darts Masala	Tandoori Paneer Tikka Masala
Tandoori Paneer Samosa	With Baked Option
Tangy and Sweet Bottle Gourd Curry	Sour Sweet Gourd Curry
Tangy Bottle Gourd Curry	Sorakkai Puli Kuzhambu
Tangy Coconut Sambar	Kerala Style Varutharacha Sambar
Tangy Egg Masala in Peanut Gravy	Ande Ka Salan
Tangy Prawns In Tamarind And Coconut Gravy	Prawns Kuzhambu
Tangy Red Purifier	Tomato Beetroot Juice
Tangy Tamarind Pumpkin Curry	Sour Pumpkin Vegetable
Tapioca Milk Pudding	Sago Kheer
Tapioca Pearl Spicy Flat Bread	Sabudana Thalipeeth
Tapioca Stir Fry	Kerala Style Kappa Ulathiyathu
Tasty Buttermilk Rasam	Karnataka Style Majjige Huli
Tawa Paratha	Plain Paratha
Tender Coconut Rasam	Elaneer Rasam
Tender Palm Fruit Payasam	Ice Apple|Nungu Payasam
Tender Small Raw Mango Pickle	Vadu Mangai Pickle
Thai Spicy Green Papaya Salad With Sweet Corn	Som Tum Khao Pod
Thai Style Kai Jeow Moo Sab	Omelette with minced Chicken
Thai style Stir fried Vegetarian Rice Noodle Dish	Vegetarian Pad Thai
Thai Sweet Sticky Rice With Mango	Khao Neeo Mamuang
Thakkali Kurma For Biryani & Parotta	Tomato Kurma
Thandai Kulfi	Holi
Thandai Srikhand Tart	Thandai Shrikhand Tart
Thengai Paal Sadam	Coconut Milk Pulao
Thengai Poli	Coconut Poli
Tibetan Style Noodle Soup	Thenthuk Soup
Til Ke Ladoo	Sesame Ladoo
Till Wale Aloo	Sesame Potato Sabzi
Tindora In Cashew Nut Gravy	Shahi Tindora
Tindora Kala Chana Sabzi	Mangalorean Kadle Manoli
Tirunelveli Buttermilk Broth	Tirunelveli Mor Kuzhambu
Tirunelveli Sodhi Kuzhambu	Mixed Vegetable Stew
Toddlers above 7 months	Broccoli Soup|For Babies
Togari Bell Thove	Togari Bele Tovve|Toor Dal Rasam|Tour Dal Juice
Tolerant South Indian Gala Sana Surri	Chickpea Tamarind Broth
Tomato All	Tomato Shorba
Tomato Carrot Onion Soup	Healthy Tomato Carrot Onion Soup
Tomato Chole	Tamatari Chole
Tomato Onita d Kara	Tomato Onion Tadka Raita
Tomato Pea Poha	Tomato Poha With Peas
Tomato Rasam (Tomato Rasam)	Tomato Rasam
Toor Dal And Dill Leaves Stir Fry	Karnataka Style Bassaru Palya
Toor dal Curry	Karwar Style Dali Thoy
Toor Dal in Coconut Milk Curry	Karwar Style Varan Kadhi
Traditional Bengali Sweet Yogurt	Mishti Doi
Traditional Kumaoni Black Bean Dal	Bhatt Ki Dal
Traditional Maharashtrian Kokum Drink	Kokum Saar
Tuna Rasam Bhaji (Tuna Sabzi Flavored with Rasam Powder)	Tuna Rasam Bhaji (Tuna Sabzi Flavoured With Rasam Powder)
Turai Aloo Ki Sabzi	Ridge Gourd Potato Curry
Turai Baingan Ki Sabzi	Eggplant Ridge Gourd Sabzi
Turia Mag Ni Dal	Turai Moong Dal
Turkish Style Egg Scramble With Bell Peppers	Menemen
Turkish Sweet Rolls	Baklava Rolls
Turkish Traditional Sweet	Baklava
Turmeric Amla Ginger Juice	Anti Inflammatory Health Tonic|Indonesian Jamu
Turmeric Milk	Golden Milk|Haldi Doodh
Tuvar Ni Dal	Parsi Toovar Dal
Two Tamarind Broth	Bearing Coconut Surrey|Climb Broth|Iru Puli Kuzhambu|Tangy Coconut Curry|Yeruvalli Kuzhambu
Tzatziki	A Greek Yogurt Dip
Udupi Style Amaranth Leaves Curry With Coconut & Tamarind	Padipe Saasmi
Udupi Style Bendekayi Palya	Ladies Finger With Coconut
Udupi Style Potatoes And Peas Curry	Batani Gassi
Udupi Style Raw Coriander Kadhi	Kottambari Tambuli
Ukadiche Modak With Rice Flour	Thengai Poornam Kozhukattai
Uppu Seedai	Gokulashtami|Krishna Janmashtami
Urad Dal Flour In Spiced Buttermilk	Uddina Hittu (Udnittu)
Urad Dal Halwa with Nuts & Spices	Gujarati Adadiya Ladwa
Urulai Kizhangu Roast	Spicy Potato Roast
Uttar Pradesh Style Brinjal Sabzi	Baingan Ki Lonje
Uttarakhand Style Sweetened Flatbread	Roat
Vaangi Shimla Mirchi Bhaji	Brinjal Capsicum Gravy
Vaghareli Rotli	Vagharela Rotli
Varagu Arisi Pongal -Kodo Millet Pongal	Up to Rice Pongal -Kodo Millet Pongal
Varan Bhat	Maharashtrian Dal|Maharashtrino Dal|Varan Bhaat
Vatana Bateta Na Rotla	Gujarati Peas and Potato Roti
Vazaithandu Neer Mor	Plantain Stem Buttermilk
Vazhakkai Milagu Kootu	Plantains Pepper Curry
Vegan Godhi Payasa	Lapsi Kheer
Vegan Malai Cabbage	Vegan Malai Gobhi
Vegetable Dal Pakor	Dal Bhajiya|Vegetable Dal Pakora
Vegetable Rava Idli	Veggie Rava Idli
Vegetable Reese Topped with Paneer Balas	Motiya Chilman Pulao|Pulao in Cataract Chail|Vegetable Rice Topped With Paneer Balls
Vegetable Rice Pulao	Awadhi Style Taheri
Vegetable Uttapam (Vegetable Uttapam)	Vegetable Uttapam
Vegetarian Fried Rice	Vegetarian Nasi Goreng
Vegetarian Goan Mushroom Curry	Mushroom Caldine
Vegetarian Momo -Steamed Dumplings	A Street Food from the North East India
Veggie Rava Idli	Healthy Breakfast Idli
Vellai Seedai	Gokulashtami|Krishna Janmashtami
Vellarikka Manga Curry	Cucumber Mango Pulissery
Velvet Rajma Kebab	Makhmali Rajma Kebab
Vepampoo Kara Colomb	Vepampoo Kara Kuzhambu
Vetrilai Thogayal	Paan Chutney
Vietnamese Grilled Chicken Sandwich	Chicken Bánh Mì
Vietnamese Grilled Tofu Sandwich	Tofu Banh Mi
Village Style Pepper Rasam	Milagu Rasam
Walnut Barfi	Akhrot Burfi|Walnut Burfi
Walnut Burfi	Akhrot Barfi
Wangan -Spicy Apple Brinjal Curry	Kashmir Style Bom Chount
Want semolina lighter	Mango Kesari|Mango Orange|Mango Sheera|Mango Shir|Mango Sooji Halwa
Water Chestnut Mixed Rice	Singhara Pulao
Watermelon And Corn Salad	A Refreshing Summer Salad
Watermelon Rind Dosa	Karwar Style Kalingana Polo
Wheat Grass Shikanji	Wheat Grass Lemonade
Wheat Millet Thepla	Bajra Masala Paratha|Gehu Bajra Thepla
Wheat Noodles Payasam	Kuzhal Payasam
Wheat Phulka Yeast- Diabetic Friendly Baker's Yeast	Diabetic Friendly Ragi Roti|Ragi Wheat Phulka
White Aubergine in pickled spices	Safed Achari Baingan
White Chocolate Pistachio Bars	White Chocolate Pistachio Fudge
White Pumpkin Mor Kuzhambu	Kerala Style White Pumpkin Curry
Whole Gooseberry Juice	Gooseberry Juice|Nellikai Rasam|Whole Gooseberry Rasam
Whole Green Moong Dal Sabzi	Gujarati Vaghareli Mag
Whole Green Mung Soup	Mung Pani
Whole Wheat Achaari Aloo Tacos	Indo Mexican Fusion
Whole Wheat Beetroot Paratha	Beetroot Paratha
Whole Wheat Bottle Gourd Dumplings	Lauki Ke Gatte
Whole Wheat Flour & Banana Squares	Upar Ghee Laddu|Uparghi Laadu
Whole Wheat Flour Crepes	Authentic Godumai Dosai
Whole Wheat Flour Halwa with Khoya	Atte Ka Halwa
Whole Wheat Ladoo	Atta|Churma Ladoo
Whole Wheat Masala Papdi	Kadak Puri
Whole Wheat Methi Garlic Naan	Oven Method with yeast
Whole Wheat Sun Dried Tomato Focaccia Bread	Healthy Homemade Bread
With A South Indian Twist	Tomato Quinoa
Wood Apple Squash Drink	Bael Ka Sharbat
Yam In Tomato Onion Gravy	Suran Kebab Masala
Yam Stir Fry	Andhra Style Kandagadda Vepudu|Kerala Style Chena Mezhukkupuratty
Yard Beans Stir Fry With Coconut	Kerala Style Karamani Thoran
Yard Long Beans Stir Fry	Barbati sabzi|Chawli|Karamani Poriyal
Yele Kadubu With Sweet And Spicy Onion Chutney	Yele Kadubu and Onion Chutney
Yogurt Based Bottle Gourd Vegetable	Happy Dahi Wali Gourd|Sukhi Dahi Wali Lauki|Yogurt Based Bottle Gourd Sabzi
Yogurt-Rice Flour Fritters	Mosaru Kodubale
Zoodles Salad	Zucchini Noodles
Zucchini Wheat Semolina Salt	Sundaikkai Godumai Rava Upma
